COLLECTION MACREPO ID,WEBSITE URL,DIMENSION: PAGETITLE,METRIC: USERS (TOTAL),METRIC: PAGEVIEWS (TOTAL),TIMERANGE: From 365daysAgo to 20180325
10,N/A,N/A,4644,12156
34,http://digitalarchive.mcmaster.ca/islandora/object/macrepo%3A34,'World War 1914-1918 Maps and Aerial Photographs | Digital Archive @ McMaster University Library',3620,8171
74943,http://digitalarchive.mcmaster.ca/islandora/object/macrepo%3A74943,'Regular Series 1:20k (Original Collection) | Digital Archive @ McMaster University Library',245,362
74936,http://digitalarchive.mcmaster.ca/islandora/object/macrepo%3A74936,'Railway and Ammunition Dump Maps | Digital Archive @ McMaster University Library',718,1000
74939,http://digitalarchive.mcmaster.ca/islandora/object/macrepo%3A74939,'Enemy Organisation Maps | Digital Archive @ McMaster University Library',219,286
70659,http://digitalarchive.mcmaster.ca/islandora/object/macrepo%3A70659,'France 1:250k GSGS 2738 | Digital Archive @ McMaster University Library',58,119
74929,http://digitalarchive.mcmaster.ca/islandora/object/macrepo%3A74929,'Gallipoli 1:20k series | Digital Archive @ McMaster University Library',58,72
70212,http://digitalarchive.mcmaster.ca/islandora/object/macrepo%3A70212,'BEF Original Issue 100k Topographic Series | Digital Archive @ McMaster University Library',408,577
49,http://digitalarchive.mcmaster.ca/islandora/object/macrepo%3A49,'Trench Maps Western Front (Original Collection) | Digital Archive @ McMaster University Library',1039,1560
74944,http://digitalarchive.mcmaster.ca/islandora/object/macrepo%3A74944,'Regular Series 1:40k (Original Collection) | Digital Archive @ McMaster University Library',285,401
70660,http://digitalarchive.mcmaster.ca/islandora/object/macrepo%3A70660,'North West Europe 1:250k GSGS 2733 & 2733b | Digital Archive @ McMaster University Library',75,108
75086,http://digitalarchive.mcmaster.ca/islandora/object/macrepo%3A75086,"'""""B"""" Series Maps | Digital Archive @ McMaster University Library'",39,49
75202,http://digitalarchive.mcmaster.ca/islandora/object/macrepo%3A75202,'Special Sheets | Digital Archive @ McMaster University Library',148,178
74923,http://digitalarchive.mcmaster.ca/islandora/object/macrepo%3A74923,'Egypt WWI | Digital Archive @ McMaster University Library',37,41
74945,http://digitalarchive.mcmaster.ca/islandora/object/macrepo%3A74945,'Regular Series 1:10k (Original Collection) | Digital Archive @ McMaster University Library',160,212
75083,http://digitalarchive.mcmaster.ca/islandora/object/macrepo%3A75083,'Sun Prints | Digital Archive @ McMaster University Library',31,33
74928,http://digitalarchive.mcmaster.ca/islandora/object/macrepo%3A74928,'Middle East WWI | Digital Archive @ McMaster University Library',173,332
74941,http://digitalarchive.mcmaster.ca/islandora/object/macrepo%3A74941,'French Maps | Digital Archive @ McMaster University Library',94,113
74932,http://digitalarchive.mcmaster.ca/islandora/object/macrepo%3A74932,'Palestine 1:20k series | Digital Archive @ McMaster University Library',68,113
74931,http://digitalarchive.mcmaster.ca/islandora/object/macrepo%3A74931,'Palestine 1:40k series | Digital Archive @ McMaster University Library',99,157
74940,http://digitalarchive.mcmaster.ca/islandora/object/macrepo%3A74940,'Enemy Order of Battle Maps | Digital Archive @ McMaster University Library',451,576
75209,http://digitalarchive.mcmaster.ca/islandora/object/macrepo%3A75209,'Enemy Battery Positions Maps | Digital Archive @ McMaster University Library',236,340
74938,http://digitalarchive.mcmaster.ca/islandora/object/macrepo%3A74938,'Training Area Maps | Digital Archive @ McMaster University Library',148,163
74935,http://digitalarchive.mcmaster.ca/islandora/object/macrepo%3A74935,'German Maps | Digital Archive @ McMaster University Library',151,172
75096,http://digitalarchive.mcmaster.ca/islandora/object/macrepo%3A75096,'Traffic Maps | Digital Archive @ McMaster University Library',144,181
74921,http://digitalarchive.mcmaster.ca/islandora/object/macrepo%3A74921,'Turkey WWI | Digital Archive @ McMaster University Library',182,236
74933,http://digitalarchive.mcmaster.ca/islandora/object/macrepo%3A74933,'British East Africa 1:250k series WWI | Digital Archive @ McMaster University Library',24,31
74925,http://digitalarchive.mcmaster.ca/islandora/object/macrepo%3A74925,'Italy WWI | Digital Archive @ McMaster University Library',85,109
74924,http://digitalarchive.mcmaster.ca/islandora/object/macrepo%3A74924,'Balkans WWI | Digital Archive @ McMaster University Library',294,412
75215,http://digitalarchive.mcmaster.ca/islandora/object/macrepo%3A75215,'Belgian Maps (pre-war) | Digital Archive @ McMaster University Library',33,34
74926,http://digitalarchive.mcmaster.ca/islandora/object/macrepo%3A74926,'Russia WWI | Digital Archive @ McMaster University Library',22,26
74927,http://digitalarchive.mcmaster.ca/islandora/object/macrepo%3A74927,'German East Africa WWI | Digital Archive @ McMaster University Library',28,34
75195,http://digitalarchive.mcmaster.ca/islandora/object/macrepo%3A75195,'Sketch and Manuscript Maps | Digital Archive @ McMaster University Library',83,102
75214,http://digitalarchive.mcmaster.ca/islandora/object/macrepo%3A75214,'Commercial Newspaper Maps | Digital Archive @ McMaster University Library',102,128
74930,http://digitalarchive.mcmaster.ca/islandora/object/macrepo%3A74930,'Syria 1:250k series | Digital Archive @ McMaster University Library',12,12
53,http://digitalarchive.mcmaster.ca/islandora/object/macrepo%3A53,'Aerial Photographs | Digital Archive @ McMaster University Library',3355,4252
81267,http://digitalarchive.mcmaster.ca/islandora/object/macrepo%3A81267,'France: Aeronautique Militaire | Digital Archive @ McMaster University Library',33,37
81268,http://digitalarchive.mcmaster.ca/islandora/object/macrepo%3A81268,'Allied Occupation of the Rhineland 1919 | Digital Archive @ McMaster University Library',29,33
5946,http://digitalarchive.mcmaster.ca/islandora/object/macrepo%3A5946,'Ontario conservation reports | Digital Archive @ McMaster University Library',66,90
32223,http://digitalarchive.mcmaster.ca/islandora/object/macrepo%3A32223,'WWII Topographic Maps | Digital Archive @ McMaster University Library',2457,5119
48084,http://digitalarchive.mcmaster.ca/islandora/object/macrepo%3A48084,'France 1:250k Topographic Maps | Digital Archive @ McMaster University Library',171,230
8286,http://digitalarchive.mcmaster.ca/islandora/object/macrepo%3A8286,'France 1:100k Topographic Maps | Digital Archive @ McMaster University Library',806,1159
8850,http://digitalarchive.mcmaster.ca/islandora/object/macrepo%3A8850,'Holland 1:100k Topographic Maps | Digital Archive @ McMaster University Library',114,188
8848,http://digitalarchive.mcmaster.ca/islandora/object/macrepo%3A8848,'Belgium & N.E. France 1:100k Topographic Maps | Digital Archive @ McMaster University Library',566,833
30937,http://digitalarchive.mcmaster.ca/islandora/object/macrepo%3A30937,'Italy Switzerland 1:100k Topographic Maps | Digital Archive @ McMaster University Library',1263,1956
9425,http://digitalarchive.mcmaster.ca/islandora/object/macrepo%3A9425,'Denmark 1:100k Topographic Maps | Digital Archive @ McMaster University Library',161,181
32227,http://digitalarchive.mcmaster.ca/islandora/object/macrepo%3A32227,'Denmark 1:250k Topographic Maps | Digital Archive @ McMaster University Library',19,29
9650,http://digitalarchive.mcmaster.ca/islandora/object/macrepo%3A9650,'Romania 1:100k Topographic Maps | Digital Archive @ McMaster University Library',236,313
21809,http://digitalarchive.mcmaster.ca/islandora/object/macrepo%3A21809,'Romania 1:250k Topographic Maps | Digital Archive @ McMaster University Library',17,21
45526,http://digitalarchive.mcmaster.ca/islandora/object/macrepo%3A45526,'Palmerston Ont. 1914 | Digital Archive @ McMaster University Library',11,14
21772,http://digitalarchive.mcmaster.ca/islandora/object/macrepo%3A21772,'Yugoslavia 1:250K Topographic Maps | Digital Archive @ McMaster University Library',100,138
18813,http://digitalarchive.mcmaster.ca/islandora/object/macrepo%3A18813,'Poland Topographic Maps | Digital Archive @ McMaster University Library',59,65
9916,http://digitalarchive.mcmaster.ca/islandora/object/macrepo%3A9916,'Yugoslavia 1:100k Topographic Maps | Digital Archive @ McMaster University Library',969,1387
26857,http://digitalarchive.mcmaster.ca/islandora/object/macrepo%3A26857,'Central Europe Topographic Maps | Digital Archive @ McMaster University Library',53,60
18807,http://digitalarchive.mcmaster.ca/islandora/object/macrepo%3A18807,'Europe Central 1:100k Topographic Maps | Digital Archive @ McMaster University Library',160,417
18811,http://digitalarchive.mcmaster.ca/islandora/object/macrepo%3A18811,'Germany Topographic Maps | Digital Archive @ McMaster University Library',268,408
18809,http://digitalarchive.mcmaster.ca/islandora/object/macrepo%3A18809,'Middle Danube Topographic Maps | Digital Archive @ McMaster University Library',42,60
18976,http://digitalarchive.mcmaster.ca/islandora/object/macrepo%3A18976,'Holland East 1:25k Topographic Maps | Digital Archive @ McMaster University Library',673,841
19714,http://digitalarchive.mcmaster.ca/islandora/object/macrepo%3A19714,'Norway 1:100k Topographic Maps | Digital Archive @ McMaster University Library',125,166
45573,http://digitalarchive.mcmaster.ca/islandora/object/macrepo%3A45573,'Pontypool Ont. 1904 | Digital Archive @ McMaster University Library',4,4
19788,http://digitalarchive.mcmaster.ca/islandora/object/macrepo%3A19788,'Africa 1:2mil Topographic Maps | Digital Archive @ McMaster University Library',149,182
18815,http://digitalarchive.mcmaster.ca/islandora/object/macrepo%3A18815,'Central Europe Topographic Maps | Digital Archive @ McMaster University Library',230,439
20449,http://digitalarchive.mcmaster.ca/islandora/object/macrepo%3A20449,'Greece 1:100k Topographic Maps | Digital Archive @ McMaster University Library',2515,3718
10011,http://digitalarchive.mcmaster.ca/islandora/object/macrepo%3A10011,'Poland 1:100k Topographic Maps | Digital Archive @ McMaster University Library',89,102
20447,http://digitalarchive.mcmaster.ca/islandora/object/macrepo%3A20447,'Spain Gibraltar 1:100k Topographic Maps | Digital Archive @ McMaster University Library',27,31
19790,http://digitalarchive.mcmaster.ca/islandora/object/macrepo%3A19790,'Bulgaria 1:250k Topographic Maps | Digital Archive @ McMaster University Library',52,66
19792,http://digitalarchive.mcmaster.ca/islandora/object/macrepo%3A19792,'Turkey 1:500k Topographic Maps | Digital Archive @ McMaster University Library',49,66
21508,http://digitalarchive.mcmaster.ca/islandora/object/macrepo%3A21508,'Rare Maps | Digital Archive @ McMaster University Library',4267,6217
81262,http://digitalarchive.mcmaster.ca/islandora/object/macrepo%3A81262,'American Revolution 1775-1783 | Digital Archive @ McMaster University Library',4,4
20451,http://digitalarchive.mcmaster.ca/islandora/object/macrepo%3A20451,'Iberian Peninsula 1:250k Topographic Maps | Digital Archive @ McMaster University Library',47,52
81263,http://digitalarchive.mcmaster.ca/islandora/object/macrepo%3A81263,'Maps of the expedition from Canada of Gen. Burgoyne [collection of 6 maps] | Digital Archive @ McMaster University Library',6,7
81266,http://digitalarchive.mcmaster.ca/islandora/object/macrepo%3A81266,'3 Karten zu Arat Eratosthenes Dionysius Perigeles [signed] W. Matthias 1816 (3 maps in 1 folder) | Digital Archive @ McMaster University Library',18,26
22616,http://digitalarchive.mcmaster.ca/islandora/object/macrepo%3A22616,'Greece 1:250k Topographic Maps | Digital Archive @ McMaster University Library',174,255
19795,http://digitalarchive.mcmaster.ca/islandora/object/macrepo%3A19795,'Europe North West 1:250k Topographic Maps | Digital Archive @ McMaster University Library',123,177
79477,http://digitalarchive.mcmaster.ca/islandora/object/macrepo%3A79477,'America Meridionale (3 map segments) / Vincenzo Coronelli | Digital Archive @ McMaster University Library',9,13
18802,http://digitalarchive.mcmaster.ca/islandora/object/macrepo%3A18802,'Germany 1:100k Topographic Maps | Digital Archive @ McMaster University Library',641,1333
81030,http://digitalarchive.mcmaster.ca/islandora/object/macrepo%3A81030,'Mexicvm (1 map on 4 sheets) / Giovanni Battista Nicolosi | Digital Archive @ McMaster University Library',0,0
9921,http://digitalarchive.mcmaster.ca/islandora/object/macrepo%3A9921,'Europe Central 1:250k Topographic Maps | Digital Archive @ McMaster University Library',60,141
26860,http://digitalarchive.mcmaster.ca/islandora/object/macrepo%3A26860,'Germany Topographic Maps | Digital Archive @ McMaster University Library',83,105
81284,http://digitalarchive.mcmaster.ca/islandora/object/macrepo%3A81284,'Back George 1796-1878 | Digital Archive @ McMaster University Library',4,6
48086,http://digitalarchive.mcmaster.ca/islandora/object/macrepo%3A48086,'Italy Switzerland 1:250k Topographic Maps | Digital Archive @ McMaster University Library',267,337
49596,http://digitalarchive.mcmaster.ca/islandora/object/macrepo%3A49596,'Hamilton Ont. 19th century maps & surveys | Digital Archive @ McMaster University Library',5253,7126
66649,http://digitalarchive.mcmaster.ca/islandora/object/macrepo%3A66649,'World War 1939-1945 | Digital Archive @ McMaster University Library',2127,4162
81259,http://digitalarchive.mcmaster.ca/islandora/object/macrepo%3A81259,'Burlington Cemetery gatehouse [architectural plans] | Digital Archive @ McMaster University Library',22,37
81260,http://digitalarchive.mcmaster.ca/islandora/object/macrepo%3A81260,'Design for a gate lodge Burlington Cemetery [set of architectural plans] | Digital Archive @ McMaster University Library',22,27
9839,http://digitalarchive.mcmaster.ca/islandora/object/macrepo%3A9839,'Canadian Fire Insurance Plans | Digital Archive @ McMaster University Library',534,1652
33184,http://digitalarchive.mcmaster.ca/islandora/object/macrepo%3A33184,'Hamilton Ont. 1898 | Digital Archive @ McMaster University Library',380,546
33186,http://digitalarchive.mcmaster.ca/islandora/object/macrepo%3A33186,'Hamilton Ont. 1911 | Digital Archive @ McMaster University Library',1234,1702
33182,http://digitalarchive.mcmaster.ca/islandora/object/macrepo%3A33182,'Burlington Beach Ont. 1900 | Digital Archive @ McMaster University Library',40,69
45577,http://digitalarchive.mcmaster.ca/islandora/object/macrepo%3A45577,'Schomberg Ont. 1904 | Digital Archive @ McMaster University Library',1,1
45578,http://digitalarchive.mcmaster.ca/islandora/object/macrepo%3A45578,'Plantagenet Ont. 1897 | Digital Archive @ McMaster University Library',0,0
45533,http://digitalarchive.mcmaster.ca/islandora/object/macrepo%3A45533,'Selkirk Ont. 1905 | Digital Archive @ McMaster University Library',2,2
45527,http://digitalarchive.mcmaster.ca/islandora/object/macrepo%3A45527,'Rockwood Ont. 1904 | Digital Archive @ McMaster University Library',13,23
45534,http://digitalarchive.mcmaster.ca/islandora/object/macrepo%3A45534,'Shakespeare Ont. 1901 | Digital Archive @ McMaster University Library',1,1
45529,http://digitalarchive.mcmaster.ca/islandora/object/macrepo%3A45529,'Seaforth Ont. 1923 | Digital Archive @ McMaster University Library',18,21
46730,http://digitalarchive.mcmaster.ca/islandora/object/macrepo%3A46730,'Osnabruck Ont. 1896 | Digital Archive @ McMaster University Library',4,5
45525,http://digitalarchive.mcmaster.ca/islandora/object/macrepo%3A45525,'Paisley Ont. 1904 | Digital Archive @ McMaster University Library',6,7
45523,http://digitalarchive.mcmaster.ca/islandora/object/macrepo%3A45523,'Orangeville Ont. 1907 | Digital Archive @ McMaster University Library',19,23
45521,http://digitalarchive.mcmaster.ca/islandora/object/macrepo%3A45521,'Norwood Ont. 1900 | Digital Archive @ McMaster University Library',10,11
45519,http://digitalarchive.mcmaster.ca/islandora/object/macrepo%3A45519,'North Augusta Ont. 1905 | Digital Archive @ McMaster University Library',14,17
45516,http://digitalarchive.mcmaster.ca/islandora/object/macrepo%3A45516,'Neustadt Ont. 1896 | Digital Archive @ McMaster University Library',8,8
45514,http://digitalarchive.mcmaster.ca/islandora/object/macrepo%3A45514,'Manilla Ont. 1885 | Digital Archive @ McMaster University Library',4,4
45513,http://digitalarchive.mcmaster.ca/islandora/object/macrepo%3A45513,'Inkerman Ont. 1889 | Digital Archive @ McMaster University Library',5,5
45511,http://digitalarchive.mcmaster.ca/islandora/object/macrepo%3A45511,'Callander Ont. 1916 | Digital Archive @ McMaster University Library',9,10
45509,http://digitalarchive.mcmaster.ca/islandora/object/macrepo%3A45509,'Beamsville Ont. 1921 | Digital Archive @ McMaster University Library',34,48
45537,http://digitalarchive.mcmaster.ca/islandora/object/macrepo%3A45537,'Springfield Ont. 1906 | Digital Archive @ McMaster University Library',4,5
45535,http://digitalarchive.mcmaster.ca/islandora/object/macrepo%3A45535,'Spanish River Ont. 1896 | Digital Archive @ McMaster University Library',6,6
45536,http://digitalarchive.mcmaster.ca/islandora/object/macrepo%3A45536,'Spragge Ont. 1896 | Digital Archive @ McMaster University Library',5,11
45549,http://digitalarchive.mcmaster.ca/islandora/object/macrepo%3A45549,'St. George Ont. 1894 | Digital Archive @ McMaster University Library',8,10
45554,http://digitalarchive.mcmaster.ca/islandora/object/macrepo%3A45554,'St. Jacobs Ont. 1904 | Digital Archive @ McMaster University Library',5,6
45538,http://digitalarchive.mcmaster.ca/islandora/object/macrepo%3A45538,'Stevensville Ont. 1897 | Digital Archive @ McMaster University Library',11,26
45553,http://digitalarchive.mcmaster.ca/islandora/object/macrepo%3A45553,'Victoria Harbour Ont. 1890 | Digital Archive @ McMaster University Library',14,22
45552,http://digitalarchive.mcmaster.ca/islandora/object/macrepo%3A45552,'Vienna Ont. 1896 | Digital Archive @ McMaster University Library',4,4
45551,http://digitalarchive.mcmaster.ca/islandora/object/macrepo%3A45551,'Wiarton Ont. 1923 | Digital Archive @ McMaster University Library',10,11
45564,http://digitalarchive.mcmaster.ca/islandora/object/macrepo%3A45564,'Wroxeter Ont. 1894 | Digital Archive @ McMaster University Library',6,12
45563,http://digitalarchive.mcmaster.ca/islandora/object/macrepo%3A45563,'Wyoming Ont. 1906 | Digital Archive @ McMaster University Library',2,2
45562,http://digitalarchive.mcmaster.ca/islandora/object/macrepo%3A45562,'Yarker Ont. 1904 | Digital Archive @ McMaster University Library',9,13
45570,http://digitalarchive.mcmaster.ca/islandora/object/macrepo%3A45570,'Zurich Ont. 1896 | Digital Archive @ McMaster University Library',9,9
48681,http://digitalarchive.mcmaster.ca/islandora/object/macrepo%3A48681,'Saint-Pierre-les-Becquets Qu\xe9bec 1897 | Digital Archive @ McMaster University Library',3,3
48683,http://digitalarchive.mcmaster.ca/islandora/object/macrepo%3A48683,'Wakefield Qu\xe9bec 1897 | Digital Archive @ McMaster University Library',6,7
48687,http://digitalarchive.mcmaster.ca/islandora/object/macrepo%3A48687,'Africa North 1:500k Topographic Maps | Digital Archive @ McMaster University Library',54,58
61441,http://digitalarchive.mcmaster.ca/islandora/object/macrepo%3A61441,'England & Wales 1:253k Topographic Maps | Digital Archive @ McMaster University Library',103,131
61443,http://digitalarchive.mcmaster.ca/islandora/object/macrepo%3A61443,'England & Wales 1:63K Topographic Maps | Digital Archive @ McMaster University Library',526,757
66581,http://digitalarchive.mcmaster.ca/islandora/object/macrepo%3A66581,'Burlington Ont. 1924 | Digital Archive @ McMaster University Library',44,61
66580,http://digitalarchive.mcmaster.ca/islandora/object/macrepo%3A66580,'Bowmanville Ont. 1924 | Digital Archive @ McMaster University Library',35,65
66579,http://digitalarchive.mcmaster.ca/islandora/object/macrepo%3A66579,'Scotland 1:63k Topographic Maps | Digital Archive @ McMaster University Library',201,249
66554,http://digitalarchive.mcmaster.ca/islandora/object/macrepo%3A66554,'Trench Maps Western Front (Chasseaud Collection) | Digital Archive @ McMaster University Library',721,1498
66555,http://digitalarchive.mcmaster.ca/islandora/object/macrepo%3A66555,'Regular Series 1:10k (Chasseaud Collection) | Digital Archive @ McMaster University Library',1171,1606
66648,http://digitalarchive.mcmaster.ca/islandora/object/macrepo%3A66648,'Korean War 1950-1953 | Digital Archive @ McMaster University Library',109,198
66498,http://digitalarchive.mcmaster.ca/islandora/object/macrepo%3A66498,'Preston Ont. 1924 | Digital Archive @ McMaster University Library',13,14
66578,http://digitalarchive.mcmaster.ca/islandora/object/macrepo%3A66578,'Scotland 1:253k Topographic Maps | Digital Archive @ McMaster University Library',31,37
66659,http://digitalarchive.mcmaster.ca/islandora/object/macrepo%3A66659,'Hong Kong 1:20k Topographic Maps | Digital Archive @ McMaster University Library',1731,2883
66660,http://digitalarchive.mcmaster.ca/islandora/object/macrepo%3A66660,'Italy 1:25k Topographic Maps | Digital Archive @ McMaster University Library',44,52
66650,http://digitalarchive.mcmaster.ca/islandora/object/macrepo%3A66650,'Korean War Topographic Maps | Digital Archive @ McMaster University Library',242,279
67046,http://digitalarchive.mcmaster.ca/islandora/object/macrepo%3A67046,'Levant 1:50K Topographic Maps | Digital Archive @ McMaster University Library',69,91
67047,http://digitalarchive.mcmaster.ca/islandora/object/macrepo%3A67047,'Levant South 1:50K Topographic Maps | Digital Archive @ McMaster University Library',16,23
67045,http://digitalarchive.mcmaster.ca/islandora/object/macrepo%3A67045,'Germany 1:25K Topographic Maps | Digital Archive @ McMaster University Library',73,109
66651,http://digitalarchive.mcmaster.ca/islandora/object/macrepo%3A66651,'WWII Strategic Maps | Digital Archive @ McMaster University Library',832,1014
67049,http://digitalarchive.mcmaster.ca/islandora/object/macrepo%3A67049,'Borneo 1:250K Topographic Maps | Digital Archive @ McMaster University Library',4,4
67048,http://digitalarchive.mcmaster.ca/islandora/object/macrepo%3A67048,'Borneo 1:200K Topographic Maps | Digital Archive @ McMaster University Library',46,51
66556,http://digitalarchive.mcmaster.ca/islandora/object/macrepo%3A66556,'Regular Series 1:20k (Chasseaud Collection) | Digital Archive @ McMaster University Library',1665,2378
70035,http://digitalarchive.mcmaster.ca/islandora/object/macrepo%3A70035,'Great Britain 1:25k Topographic Maps | Digital Archive @ McMaster University Library',31,32
70034,http://digitalarchive.mcmaster.ca/islandora/object/macrepo%3A70034,'Great Britain 1:500k Topographic Maps | Digital Archive @ McMaster University Library',32,38
70155,http://digitalarchive.mcmaster.ca/islandora/object/macrepo%3A70155,'Russia Murmansk Region 1:100k | Digital Archive @ McMaster University Library',19,19
66559,http://digitalarchive.mcmaster.ca/islandora/object/macrepo%3A66559,'Special Sheets 1:5k & 1:10k (Chasseaud Collection) | Digital Archive @ McMaster University Library',1286,1752
70033,http://digitalarchive.mcmaster.ca/islandora/object/macrepo%3A70033,'Russo-Japanese War 1904-1905 | Digital Archive @ McMaster University Library',32,34
66652,http://digitalarchive.mcmaster.ca/islandora/object/macrepo%3A66652,'WWII Miscellaneous Maps | Digital Archive @ McMaster University Library',133,163
70492,http://digitalarchive.mcmaster.ca/islandora/object/macrepo%3A70492,'test | Digital Archive @ McMaster University Library',11,12
70157,http://digitalarchive.mcmaster.ca/islandora/object/macrepo%3A70157,'Asia 1:4mil Topographic Maps | Digital Archive @ McMaster University Library',53,61
70036,http://digitalarchive.mcmaster.ca/islandora/object/macrepo%3A70036,'Iceland 1:600k Topographic Maps | Digital Archive @ McMaster University Library',13,15
70156,http://digitalarchive.mcmaster.ca/islandora/object/macrepo%3A70156,'Russia 1:1mil | Digital Archive @ McMaster University Library',81,101
70474,http://digitalarchive.mcmaster.ca/islandora/object/macrepo%3A70474,'Europe 1:1mil Great Britain Topographic Maps | Digital Archive @ McMaster University Library',16,19
70478,http://digitalarchive.mcmaster.ca/islandora/object/macrepo%3A70478,'Norway South road map | Digital Archive @ McMaster University Library',3,3
70475,http://digitalarchive.mcmaster.ca/islandora/object/macrepo%3A70475,'Europe 1:2mil Topographic Maps | Digital Archive @ McMaster University Library',86,131
70472,http://digitalarchive.mcmaster.ca/islandora/object/macrepo%3A70472,'Europe 1:1mil Topographic Maps | Digital Archive @ McMaster University Library',89,108
71369,http://digitalarchive.mcmaster.ca/islandora/object/macrepo%3A71369,'Hamilton Region 20th century aerial photographs | Digital Archive @ McMaster University Library',1708,4437
71370,http://digitalarchive.mcmaster.ca/islandora/object/macrepo%3A71370,'1927 - Hamilton aerial photographs | Digital Archive @ McMaster University Library',186,421
71395,http://digitalarchive.mcmaster.ca/islandora/object/macrepo%3A71395,'1955 - Hamilton aerial photographs | Digital Archive @ McMaster University Library',49,57
71401,http://digitalarchive.mcmaster.ca/islandora/object/macrepo%3A71401,'1956 - Hamilton aerial photographs | Digital Archive @ McMaster University Library',22,24
70822,http://digitalarchive.mcmaster.ca/islandora/object/macrepo%3A70822,'WWII Canada Training and Defence | Digital Archive @ McMaster University Library',177,210
66557,http://digitalarchive.mcmaster.ca/islandora/object/macrepo%3A66557,'Special Sheets 1:20k (Chasseaud Collection) | Digital Archive @ McMaster University Library',637,829
71376,http://digitalarchive.mcmaster.ca/islandora/object/macrepo%3A71376,'1919 - Hamilton aerial photographs | Digital Archive @ McMaster University Library',474,575
71371,http://digitalarchive.mcmaster.ca/islandora/object/macrepo%3A71371,'1950 - Dunnville aerial photographs | Digital Archive @ McMaster University Library',18,23
71378,http://digitalarchive.mcmaster.ca/islandora/object/macrepo%3A71378,'1953 - Hamilton-Burlington aerial photographs | Digital Archive @ McMaster University Library',104,134
75444,http://digitalarchive.mcmaster.ca/islandora/object/macrepo%3A75444,'Barrage Maps | Digital Archive @ McMaster University Library',104,119
71721,http://digitalarchive.mcmaster.ca/islandora/object/macrepo%3A71721,'test | Digital Archive @ McMaster University Library',18,20
71544,http://digitalarchive.mcmaster.ca/islandora/object/macrepo%3A71544,'1958-1959 - Hamilton aerial photographs | Digital Archive @ McMaster University Library',102,130
71540,http://digitalarchive.mcmaster.ca/islandora/object/macrepo%3A71540,'1952 - Hamilton aerial photographs | Digital Archive @ McMaster University Library',170,344
71535,http://digitalarchive.mcmaster.ca/islandora/object/macrepo%3A71535,'1934 - Greater Hamilton Area aerial photographs | Digital Archive @ McMaster University Library',592,828
71536,http://digitalarchive.mcmaster.ca/islandora/object/macrepo%3A71536,'1943 - Hamilton aerial photographs | Digital Archive @ McMaster University Library',488,601
71537,http://digitalarchive.mcmaster.ca/islandora/object/macrepo%3A71537,'1950 - Hamilton aerial photographs | Digital Archive @ McMaster University Library',551,686
71538,http://digitalarchive.mcmaster.ca/islandora/object/macrepo%3A71538,'1951 - Hamilton aerial photographs | Digital Archive @ McMaster University Library',36,39
71545,http://digitalarchive.mcmaster.ca/islandora/object/macrepo%3A71545,'1959-1962 - Golden Horseshoe Area aerial photographs | Digital Archive @ McMaster University Library',303,394
71541,http://digitalarchive.mcmaster.ca/islandora/object/macrepo%3A71541,'1954-1955 - Greater Hamilton Area aerial photographs | Digital Archive @ McMaster University Library',324,447
71539,http://digitalarchive.mcmaster.ca/islandora/object/macrepo%3A71539,'1951-1952 - Brant Waterloo and Wentworth Counties aerial photographs | Digital Archive @ McMaster University Library',136,164
71542,http://digitalarchive.mcmaster.ca/islandora/object/macrepo%3A71542,'1954 - Southern Ontario aerial photographs | Digital Archive @ McMaster University Library',655,799
75447,http://digitalarchive.mcmaster.ca/islandora/object/macrepo%3A75447,'Zones of Defence | Digital Archive @ McMaster University Library',88,100
66558,http://digitalarchive.mcmaster.ca/islandora/object/macrepo%3A66558,'Special Sheets 1:40k to 1:250k (Chasseaud Collection) | Digital Archive @ McMaster University Library',185,240
75442,http://digitalarchive.mcmaster.ca/islandora/object/macrepo%3A75442,'Skeleton Maps | Digital Archive @ McMaster University Library',91,98
75443,http://digitalarchive.mcmaster.ca/islandora/object/macrepo%3A75443,'Aerodromes and Hospitals | Digital Archive @ McMaster University Library',326,409
75436,http://digitalarchive.mcmaster.ca/islandora/object/macrepo%3A75436,'Signals-Communications Maps | Digital Archive @ McMaster University Library',20,23
75438,http://digitalarchive.mcmaster.ca/islandora/object/macrepo%3A75438,'Water Supply Maps | Digital Archive @ McMaster University Library',17,17
75439,http://digitalarchive.mcmaster.ca/islandora/object/macrepo%3A75439,'Bridge Strength Maps | Digital Archive @ McMaster University Library',51,61
75437,http://digitalarchive.mcmaster.ca/islandora/object/macrepo%3A75437,'Billeting Area Maps | Digital Archive @ McMaster University Library',118,149
70476,http://digitalarchive.mcmaster.ca/islandora/object/macrepo%3A70476,'Europe 1:500k Topographic Maps | Digital Archive @ McMaster University Library',388,519
74920,http://digitalarchive.mcmaster.ca/islandora/object/macrepo%3A74920,'Other WWI Theatres of War | Digital Archive @ McMaster University Library',244,562
74922,http://digitalarchive.mcmaster.ca/islandora/object/macrepo%3A74922,'Africa WWI | Digital Archive @ McMaster University Library',35,58
81261,http://digitalarchive.mcmaster.ca/islandora/object/macrepo%3A81261,'Plan of parks survey upon lot no. 9 in First Concession of the Township of Barton [1 map in 4 segments] | Digital Archive @ McMaster University Library',33,39
75555,http://digitalarchive.mcmaster.ca/islandora/object/macrepo%3A75555,'WWII Aeronautical Charts | Digital Archive @ McMaster University Library',242,425
75725,http://digitalarchive.mcmaster.ca/islandora/object/macrepo%3A75725,'Fonthill Ont. 1925 | Digital Archive @ McMaster University Library',15,16
81264,http://digitalarchive.mcmaster.ca/islandora/object/macrepo%3A81264,'Plan of the encampment and position of the army ... at Braemus Heights [map 5; 2 image files] | Digital Archive @ McMaster University Library',1,1
75795,http://digitalarchive.mcmaster.ca/islandora/object/macrepo%3A75795,'Mildmay Ont. 1925 | Digital Archive @ McMaster University Library',11,13
74488,http://digitalarchive.mcmaster.ca/islandora/object/macrepo%3A74488,'Caledonia Ont. 1925 | Digital Archive @ McMaster University Library',48,66
76323,http://digitalarchive.mcmaster.ca/islandora/object/macrepo%3A76323,'Tara Ont. 1926 | Digital Archive @ McMaster University Library',0,0
76326,http://digitalarchive.mcmaster.ca/islandora/object/macrepo%3A76326,'Stratford Ont. 1925 | Digital Archive @ McMaster University Library',46,65
75556,http://digitalarchive.mcmaster.ca/islandora/object/macrepo%3A75556,'World 1:1mil AAF Aeronautical Charts | Digital Archive @ McMaster University Library',683,803
81265,http://digitalarchive.mcmaster.ca/islandora/object/macrepo%3A81265,'An exact chart of the River St. Laurence... by Thomas Jefferys (1 map on 2 sheets) | Digital Archive @ McMaster University Library',5,5
71546,http://digitalarchive.mcmaster.ca/islandora/object/macrepo%3A71546,'1960 - Greater Hamilton Area aerial photographs | Digital Archive @ McMaster University Library',168,210
77230,http://digitalarchive.mcmaster.ca/islandora/object/macrepo%3A77230,'1963 - Dundas aerial photographs | Digital Archive @ McMaster University Library',194,255
77266,http://digitalarchive.mcmaster.ca/islandora/object/macrepo%3A77266,'Cuban War of Independence 1895-1898 | Digital Archive @ McMaster University Library',18,21
77268,http://digitalarchive.mcmaster.ca/islandora/object/macrepo%3A77268,'War map of Cuba the World and the West Indies (3 maps on 1 sheet) | Digital Archive @ McMaster University Library',14,16
77271,http://digitalarchive.mcmaster.ca/islandora/object/macrepo%3A77271,'Stuart Harold Brownlee 1889-1946 | Digital Archive @ McMaster University Library',13,14
77283,http://digitalarchive.mcmaster.ca/islandora/object/macrepo%3A77283,'Clifford Robert Edward Hon. 1767-1817 | Digital Archive @ McMaster University Library',561,964
77666,http://digitalarchive.mcmaster.ca/islandora/object/macrepo%3A77666,"""""Carte contenant l'etendue ... de Perpignan... (1 map on 6 sheets) | Digital Archive @ McMaster University Library""""",19,25
77664,http://digitalarchive.mcmaster.ca/islandora/object/macrepo%3A77664,'Exactissima statuum totius ducatus Bavariae... (1 map in 9 parts) | Digital Archive @ McMaster University Library',10,24
77667,http://digitalarchive.mcmaster.ca/islandora/object/macrepo%3A77667,'Carte de France (1 map on 180 sheets) | Digital Archive @ McMaster University Library',63,109
77665,http://digitalarchive.mcmaster.ca/islandora/object/macrepo%3A77665,'Carte chorographique des Pays-Bas autrichiens... (1 map on 12 sheets) | Digital Archive @ McMaster University Library',39,67
77662,http://digitalarchive.mcmaster.ca/islandora/object/macrepo%3A77662,'Podrobnaja karta Rossijskoj Imper\u012bi... (1 map on 15 sheets) | Digital Archive @ McMaster University Library',43,66
77663,http://digitalarchive.mcmaster.ca/islandora/object/macrepo%3A77663,'Kriegs Theater der Teutschen und Franzoesischen... (1 map in 6 parts) | Digital Archive @ McMaster University Library',13,23
79183,http://digitalarchive.mcmaster.ca/islandora/object/macrepo%3A79183,'Carte politique routiere et statistique de l\u2019Europe d\u2019apr\xe8s les derniers trait\xe9s (4 sheets) | Digital Archive @ McMaster University Library',2,2
79194,http://digitalarchive.mcmaster.ca/islandora/object/macrepo%3A79194,'Partis Americ\xe6 (2 views) | Digital Archive @ McMaster University Library',5,8
79185,http://digitalarchive.mcmaster.ca/islandora/object/macrepo%3A79185,'Map exhibiting the great post roads physical and political divisions of Europe... (4 sheets) | Digital Archive @ McMaster University Library',6,6
79186,http://digitalarchive.mcmaster.ca/islandora/object/macrepo%3A79186,"""""Laurie and Whittle's new chart of the Mediterranean Sea... (2 sheets) | Digital Archive @ McMaster University Library""""",8,9
79188,http://digitalarchive.mcmaster.ca/islandora/object/macrepo%3A79188,'A map of the country sixty five miles round London (10 sheets) | Digital Archive @ McMaster University Library',11,28
79189,http://digitalarchive.mcmaster.ca/islandora/object/macrepo%3A79189,'The County of Northampton (2 sheets) | Digital Archive @ McMaster University Library',5,5
79190,http://digitalarchive.mcmaster.ca/islandora/object/macrepo%3A79190,'A map of the Russian dominions in Europe... (2 sheets) | Digital Archive @ McMaster University Library',2,2
79485,http://digitalarchive.mcmaster.ca/islandora/object/macrepo%3A79485,'Map of North America exhibiting the recent discoveries geographical and nautical (7 sheets) | Digital Archive @ McMaster University Library',5,5
79500,http://digitalarchive.mcmaster.ca/islandora/object/macrepo%3A79500,'County of Cumberland (1 map on 2 sheets) | Digital Archive @ McMaster University Library',2,2
79511,http://digitalarchive.mcmaster.ca/islandora/object/macrepo%3A79511,'A new and accurate map of the County of Cornwall (2 sheets) | Digital Archive @ McMaster University Library',4,4
79510,http://digitalarchive.mcmaster.ca/islandora/object/macrepo%3A79510,'The County Palatine of Chester / William Faden (2 sheets) | Digital Archive @ McMaster University Library',10,14
79512,http://digitalarchive.mcmaster.ca/islandora/object/macrepo%3A79512,'A map of the County of Devon with the City & County of Exeter (3 sheets) | Digital Archive @ McMaster University Library',11,24
79513,http://digitalarchive.mcmaster.ca/islandora/object/macrepo%3A79513,'Ordnance map of Devonshire (8 sheets) | Digital Archive @ McMaster University Library',16,16
79514,http://digitalarchive.mcmaster.ca/islandora/object/macrepo%3A79514,'A map of the County of Essex (9 sheets) | Digital Archive @ McMaster University Library',19,23
79515,http://digitalarchive.mcmaster.ca/islandora/object/macrepo%3A79515,'Part of the first of the general survey of England and Wales... (4 sheets) | Digital Archive @ McMaster University Library',6,6
79573,http://digitalarchive.mcmaster.ca/islandora/object/macrepo%3A79573,'A topographical map of the County of Norfolk | Digital Archive @ McMaster University Library',3,3
79575,http://digitalarchive.mcmaster.ca/islandora/object/macrepo%3A79575,'A map of the County of Northumberland with that part of the County of Durham... | Digital Archive @ McMaster University Library',73,120
79576,http://digitalarchive.mcmaster.ca/islandora/object/macrepo%3A79576,'County of Somerset surveyed by Day and Masters | Digital Archive @ McMaster University Library',12,20
79577,http://digitalarchive.mcmaster.ca/islandora/object/macrepo%3A79577,'The County of Suffolk | Digital Archive @ McMaster University Library',7,7
71549,http://digitalarchive.mcmaster.ca/islandora/object/macrepo%3A71549,'1963 - Hamilton aerial photographs | Digital Archive @ McMaster University Library',59,90
71553,http://digitalarchive.mcmaster.ca/islandora/object/macrepo%3A71553,'1965 - Caledonia aerial photographs | Digital Archive @ McMaster University Library',5,5
71552,http://digitalarchive.mcmaster.ca/islandora/object/macrepo%3A71552,'1965 - Hamilton aerial photographs | Digital Archive @ McMaster University Library',86,105
71548,http://digitalarchive.mcmaster.ca/islandora/object/macrepo%3A71548,'1962-1963 - Hamilton to Mississauga aerial photographs | Digital Archive @ McMaster University Library',184,214
71554,http://digitalarchive.mcmaster.ca/islandora/object/macrepo%3A71554,'1966 - Hamilton aerial photographs | Digital Archive @ McMaster University Library',227,278
71547,http://digitalarchive.mcmaster.ca/islandora/object/macrepo%3A71547,'1961 - Hamilton aerial photographs | Digital Archive @ McMaster University Library',88,113
71556,http://digitalarchive.mcmaster.ca/islandora/object/macrepo%3A71556,'1966 - Beamsville aerial photographs | Digital Archive @ McMaster University Library',8,11
71555,http://digitalarchive.mcmaster.ca/islandora/object/macrepo%3A71555,'1966 - Kitchener-Brantford aerial photographs | Digital Archive @ McMaster University Library',135,196
71551,http://digitalarchive.mcmaster.ca/islandora/object/macrepo%3A71551,'1964 - Southern Ontario aerial photographs | Digital Archive @ McMaster University Library',114,133
79578,http://digitalarchive.mcmaster.ca/islandora/object/macrepo%3A79578,'A topographical map of the County of Sussex divided into Rapes Deanries and Hundreds | Digital Archive @ McMaster University Library',3,4
80898,http://digitalarchive.mcmaster.ca/islandora/object/macrepo%3A80898,'A topographical map of Wiltshire (6 sheets) | Digital Archive @ McMaster University Library',6,7
71550,http://digitalarchive.mcmaster.ca/islandora/object/macrepo%3A71550,'1964 - Hamilton aerial photographs | Digital Archive @ McMaster University Library',231,318
80899,http://digitalarchive.mcmaster.ca/islandora/object/macrepo%3A80899,'The County of York (10 sheets) | Digital Archive @ McMaster University Library',10,13
80900,http://digitalarchive.mcmaster.ca/islandora/object/macrepo%3A80900,No Results Found',0,0
80981,http://digitalarchive.mcmaster.ca/islandora/object/macrepo%3A80981,'Madeira and Canary Islands / Benedetto Bordon (2 maps on 1 sheet) | Digital Archive @ McMaster University Library',9,9
80901,http://digitalarchive.mcmaster.ca/islandora/object/macrepo%3A80901,No Results Found',3,3
80902,http://digitalarchive.mcmaster.ca/islandora/object/macrepo%3A80902,'A new map of England & Wales (2 sheets) | Digital Archive @ McMaster University Library',3,6
80903,http://digitalarchive.mcmaster.ca/islandora/object/macrepo%3A80903,'[Map of the Six Counties of North-Wales] (3 sheets) | Digital Archive @ McMaster University Library',17,24
80904,http://digitalarchive.mcmaster.ca/islandora/object/macrepo%3A80904,'Map of Scotland constructed from original materials obtained under the authority of the Parliamentary Commissioners... (4 sheets | Digital Archive @ McMaster University Library',7,8
80905,http://digitalarchive.mcmaster.ca/islandora/object/macrepo%3A80905,'A new and correct map of Scotland or North Britain with all the post and military roads divisions & ca. (2 sheets) | Digital Archive @ McMaster University Library',3,5
81038,http://digitalarchive.mcmaster.ca/islandora/object/macrepo%3A81038,'Cold War 1945-1989 | Digital Archive @ McMaster University Library',103,183
79187,http://digitalarchive.mcmaster.ca/islandora/object/macrepo%3A79187,"""""Cary's new map of England and Wales... (3 sheets) | Digital Archive @ McMaster University Library""""",3,5
81039,http://digitalarchive.mcmaster.ca/islandora/object/macrepo%3A81039,'Canadian military town plans | Digital Archive @ McMaster University Library',95,119
81115,http://digitalarchive.mcmaster.ca/islandora/object/macrepo%3A81115,'Yukon Territory | Digital Archive @ McMaster University Library',14,19
81117,http://digitalarchive.mcmaster.ca/islandora/object/macrepo%3A81117,'Mountain Phototopography Maps | Digital Archive @ McMaster University Library',66,124
81118,http://digitalarchive.mcmaster.ca/islandora/object/macrepo%3A81118,'Topographical Survey of the Rocky Mountains | Digital Archive @ McMaster University Library',70,92
81116,http://digitalarchive.mcmaster.ca/islandora/object/macrepo%3A81116,'Yukon Gold Rush and Alaskan Border Dispute | Digital Archive @ McMaster University Library',17,22
81131,http://digitalarchive.mcmaster.ca/islandora/object/macrepo%3A81131,'McMaster University campus maps and air photos | Digital Archive @ McMaster University Library',72,163
81133,http://digitalarchive.mcmaster.ca/islandora/object/macrepo%3A81133,'McMaster campus air photos | Digital Archive @ McMaster University Library',130,166
81142,http://digitalarchive.mcmaster.ca/islandora/object/macrepo%3A81142,'Southern Ontario 20th century aerial photographs | Digital Archive @ McMaster University Library',95,147
81206,http://digitalarchive.mcmaster.ca/islandora/object/macrepo%3A81206,'Dispatch atlas. North America (1 map on 2 sheets) | Digital Archive @ McMaster University Library',5,7
81130,http://digitalarchive.mcmaster.ca/islandora/object/macrepo%3A81130,'Yukon Map 1898 on 10 sheets | Digital Archive @ McMaster University Library',22,27
81255,http://digitalarchive.mcmaster.ca/islandora/object/macrepo%3A81255,"""""Tunison's Canada (3 maps on 1 sheet) | Digital Archive @ McMaster University Library""""",7,8
81269,http://digitalarchive.mcmaster.ca/islandora/object/macrepo%3A81269,'Brighton Ont. 1926 | Digital Archive @ McMaster University Library',12,15
81271,http://digitalarchive.mcmaster.ca/islandora/object/macrepo%3A81271,'Macmillan Collection | Digital Archive @ McMaster University Library',25,31
81275,http://digitalarchive.mcmaster.ca/islandora/object/macrepo%3A81275,'Map of the Province of Ontario ; District of Nippissing ; Eastern part of Algoma District (3 maps on 1 sheet) | Digital Archive @ McMaster University Library',10,22
81281,http://digitalarchive.mcmaster.ca/islandora/object/macrepo%3A81281,'Mackenzie Alexander 1764-1820 | Digital Archive @ McMaster University Library',14,19
81291,http://digitalarchive.mcmaster.ca/islandora/object/macrepo%3A81291,'City of Montreal and suburbs ; Atlas of the Dominion Counties ... Province of Ontario (3 maps on 1 sheet) | Digital Archive @ McMaster University Library',13,13
81294,http://digitalarchive.mcmaster.ca/islandora/object/macrepo%3A81294,'Milton Ont. 1927 | Digital Archive @ McMaster University Library',22,27
81273,http://digitalarchive.mcmaster.ca/islandora/object/macrepo%3A81273,'Crystal Beach Ont. 1927 | Digital Archive @ McMaster University Library',32,34
81326,http://digitalarchive.mcmaster.ca/islandora/object/macrepo%3A81326,'Military camps War of the Austrian Succession 1740-1748 (set of 20 maps with supplements) | Digital Archive @ McMaster University Library',100,288
81397,http://digitalarchive.mcmaster.ca/islandora/object/macrepo%3A81397,'Cumberland and Westmorland [1 map on 2 sheets] | Digital Archive @ McMaster University Library',3,20
81412,http://digitalarchive.mcmaster.ca/islandora/object/macrepo%3A81412,'Map of the provinces of Canada (1 map on 6 sheets) / Joseph Bouchette | Digital Archive @ McMaster University Library',140,206
81431,http://digitalarchive.mcmaster.ca/islandora/object/macrepo%3A81431,'London 1666 / plans of John Evelyn and Christopher Wren (4 maps on 2 sheets) | Digital Archive @ McMaster University Library',2,2
81436,http://digitalarchive.mcmaster.ca/islandora/object/macrepo%3A81436,'Map of the Russian Dominions in Europe / by John Cary (1 map on 4 sheets) | Digital Archive @ McMaster University Library',3,3
81441,http://digitalarchive.mcmaster.ca/islandora/object/macrepo%3A81441,"""""Carte des royaumes d'Espagne et de Portugal / par L. Vivien (1 map on 8 sheets) | Digital Archive @ McMaster University Library""""",18,18
81450,http://digitalarchive.mcmaster.ca/islandora/object/macrepo%3A81450,No Results Found',0,0
81515,http://digitalarchive.mcmaster.ca/islandora/object/macrepo%3A81515,"""""Colton's map of the world on Mercator's projection ; Western Hemisphere (2 maps on 1 sheet) | Digital Archive @ McMaster University Library""""",2,2
81524,http://digitalarchive.mcmaster.ca/islandora/object/macrepo%3A81524,'Map of the County of Kildare / by Alexander Taylor (1 map on 6 sheets) | Digital Archive @ McMaster University Library',17,25
81535,http://digitalarchive.mcmaster.ca/islandora/object/macrepo%3A81535,'Karte derer englischen Unternehmungen zur See auf denen franz\xf6sischen K\xfcsten... [Anglo-French War 1755-1763] / Christian Friederich van der Heyden | Digital Archive @ McMaster University Library',2,2
81538,http://digitalarchive.mcmaster.ca/islandora/object/macrepo%3A81538,'Plan de Mastricht (map with overlays) | Digital Archive @ McMaster University Library',13,30
81543,http://digitalarchive.mcmaster.ca/islandora/object/macrepo%3A81543,'Ce plan de la bataille de Tonhausen pr\xe8s de Minden... (map with 2 overlays) / par Guilme. Roy | Digital Archive @ McMaster University Library',15,33
81551,http://digitalarchive.mcmaster.ca/islandora/object/macrepo%3A81551,No Results Found',0,0
81555,http://digitalarchive.mcmaster.ca/islandora/object/macrepo%3A81555,No Results Found',1,1
81560,http://digitalarchive.mcmaster.ca/islandora/object/macrepo%3A81560,'Maps from W.H. Smith Canada: Past Present and Future ... Containing Ten Maps and One General Map of the Province... [1850-2] | Digital Archive @ McMaster University Library',49,68
81573,http://digitalarchive.mcmaster.ca/islandora/object/macrepo%3A81573,'[Atlas des Pays Bas / sur la copie de Bruxelles par E.H. Fricx 1745] - set of 24 maps | Digital Archive @ McMaster University Library',97,111
81599,http://digitalarchive.mcmaster.ca/islandora/object/macrepo%3A81599,'Map of Nova Scotia or Acadia... / by Captn. Montresor 1768 (1 map on 2 sheets) | Digital Archive @ McMaster University Library',http://digitalarchive.mcmaster.ca/islandora/object/macrepo%3A81599,'Map of Nova Scotia or Acadia... / by Captn. Montresor 1768 (1 map on 2 sheets) | Digital Archive @ McMaster University Library',http://digitalarchive.mcmaster.ca/islandora/object/macrepo%3A81599,'Map of Nova Scotia or Acadia... / by Captn. Montresor 1768 (1 map on 2 sheets) | Digital Archive @ McMaster University Library',6,6
71557,http://digitalarchive.mcmaster.ca/islandora/object/macrepo%3A71557,'1967 - Hamilton-Burlington aerial photographs | Digital Archive @ McMaster University Library',262,300
81804,http://digitalarchive.mcmaster.ca/islandora/object/macrepo%3A81804,'1967 - Hamilton aerial photographs | Digital Archive @ McMaster University Library',210,301
81912,http://digitalarchive.mcmaster.ca/islandora/object/macrepo%3A81912,'Topographical map of the districts of Quebec Three Rivers St. Francis and Gasp\xe9 Lower Canada... (1 map on 6 sheets) | Digital Archive @ McMaster University Library',15,21
81925,http://digitalarchive.mcmaster.ca/islandora/object/macrepo%3A81925,'WWII Gordon Griffith fonds | Digital Archive @ McMaster University Library',174,188
81951,http://digitalarchive.mcmaster.ca/islandora/object/macrepo%3A81951,'Ontario lake maps | Digital Archive @ McMaster University Library',99,127
82187,http://digitalarchive.mcmaster.ca/islandora/object/macrepo%3A82187,'Sites of battles in Russian Campaign of Napoleonic Wars 1800-1815 (2 maps) | Digital Archive @ McMaster University Library',7,11
82206,http://digitalarchive.mcmaster.ca/islandora/object/macrepo%3A82206,'A new map of the whole continent of America divided into North and South and West Indies (1 map on 2 sheets) | Digital Archive @ McMaster University Library',8,14
