"World War, 1914-1918, Maps and Aerial Photographs",http://digitalarchive.mcmaster.ca/islandora/object/macrepo%3A34
"Trench Maps, Western Front (Original Collection)",http://digitalarchive.mcmaster.ca/islandora/object/macrepo%3A49
Aerial Photographs,http://digitalarchive.mcmaster.ca/islandora/object/macrepo%3A53
Ontario conservation reports,http://digitalarchive.mcmaster.ca/islandora/object/macrepo%3A5946
France 1:100k Topographic Maps,http://digitalarchive.mcmaster.ca/islandora/object/macrepo%3A8286
Belgium &amp; N.E. France 1:100k Topographic Maps,http://digitalarchive.mcmaster.ca/islandora/object/macrepo%3A8848
Holland 1:100k Topographic Maps,http://digitalarchive.mcmaster.ca/islandora/object/macrepo%3A8850
Denmark 1:100k Topographic Maps,http://digitalarchive.mcmaster.ca/islandora/object/macrepo%3A9425
Romania 1:100k Topographic Maps,http://digitalarchive.mcmaster.ca/islandora/object/macrepo%3A9650
Canadian Fire Insurance Plans,http://digitalarchive.mcmaster.ca/islandora/object/macrepo%3A9839
Yugoslavia 1:100k Topographic Maps,http://digitalarchive.mcmaster.ca/islandora/object/macrepo%3A9916
"Europe, Central 1:250k Topographic Maps",http://digitalarchive.mcmaster.ca/islandora/object/macrepo%3A9921
Poland 1:100k Topographic Maps,http://digitalarchive.mcmaster.ca/islandora/object/macrepo%3A10011
Germany 1:100k Topographic Maps,http://digitalarchive.mcmaster.ca/islandora/object/macrepo%3A18802
"Europe, Central 1:100k Topographic Maps",http://digitalarchive.mcmaster.ca/islandora/object/macrepo%3A18807
Middle Danube Topographic Maps,http://digitalarchive.mcmaster.ca/islandora/object/macrepo%3A18809
Germany Topographic Maps,http://digitalarchive.mcmaster.ca/islandora/object/macrepo%3A18811
Poland Topographic Maps,http://digitalarchive.mcmaster.ca/islandora/object/macrepo%3A18813
Central Europe Topographic Maps,http://digitalarchive.mcmaster.ca/islandora/object/macrepo%3A18815
Holland East 1:25k Topographic Maps,http://digitalarchive.mcmaster.ca/islandora/object/macrepo%3A18976
Norway 1:100k Topographic Maps,http://digitalarchive.mcmaster.ca/islandora/object/macrepo%3A19714
Africa 1:2mil Topographic Maps,http://digitalarchive.mcmaster.ca/islandora/object/macrepo%3A19788
Bulgaria 1:250k Topographic Maps,http://digitalarchive.mcmaster.ca/islandora/object/macrepo%3A19790
Turkey 1:500k Topographic Maps,http://digitalarchive.mcmaster.ca/islandora/object/macrepo%3A19792
"Europe, North West 1:250k Topographic Maps",http://digitalarchive.mcmaster.ca/islandora/object/macrepo%3A19795
Spain Gibraltar 1:100k Topographic Maps,http://digitalarchive.mcmaster.ca/islandora/object/macrepo%3A20447
Greece 1:100k Topographic Maps,http://digitalarchive.mcmaster.ca/islandora/object/macrepo%3A20449
Iberian Peninsula 1:250k Topographic Maps,http://digitalarchive.mcmaster.ca/islandora/object/macrepo%3A20451
Rare Maps,http://digitalarchive.mcmaster.ca/islandora/object/macrepo%3A21508
Yugoslavia 1:250K Topographic Maps,http://digitalarchive.mcmaster.ca/islandora/object/macrepo%3A21772
Romania 1:250k Topographic Maps,http://digitalarchive.mcmaster.ca/islandora/object/macrepo%3A21809
Greece 1:250k Topographic Maps,http://digitalarchive.mcmaster.ca/islandora/object/macrepo%3A22616
Central Europe Topographic Maps,http://digitalarchive.mcmaster.ca/islandora/object/macrepo%3A26857
Germany Topographic Maps,http://digitalarchive.mcmaster.ca/islandora/object/macrepo%3A26860
Italy Switzerland 1:100k Topographic Maps,http://digitalarchive.mcmaster.ca/islandora/object/macrepo%3A30937
WWII Topographic Maps,http://digitalarchive.mcmaster.ca/islandora/object/macrepo%3A32223
Denmark 1:250k Topographic Maps,http://digitalarchive.mcmaster.ca/islandora/object/macrepo%3A32227
"Burlington Beach, Ont. 1900",http://digitalarchive.mcmaster.ca/islandora/object/macrepo%3A33182
"Hamilton, Ont. 1898",http://digitalarchive.mcmaster.ca/islandora/object/macrepo%3A33184
"Hamilton, Ont. 1911",http://digitalarchive.mcmaster.ca/islandora/object/macrepo%3A33186
"Beamsville, Ont. 1921",http://digitalarchive.mcmaster.ca/islandora/object/macrepo%3A45509
"Callander, Ont. 1916",http://digitalarchive.mcmaster.ca/islandora/object/macrepo%3A45511
"Inkerman, Ont. 1889",http://digitalarchive.mcmaster.ca/islandora/object/macrepo%3A45513
"Manilla, Ont. 1885",http://digitalarchive.mcmaster.ca/islandora/object/macrepo%3A45514
"Neustadt, Ont. 1896",http://digitalarchive.mcmaster.ca/islandora/object/macrepo%3A45516
"North Augusta, Ont. 1905",http://digitalarchive.mcmaster.ca/islandora/object/macrepo%3A45519
"Norwood, Ont. 1900",http://digitalarchive.mcmaster.ca/islandora/object/macrepo%3A45521
"Orangeville, Ont. 1907",http://digitalarchive.mcmaster.ca/islandora/object/macrepo%3A45523
"Paisley, Ont. 1904",http://digitalarchive.mcmaster.ca/islandora/object/macrepo%3A45525
"Palmerston, Ont. 1914",http://digitalarchive.mcmaster.ca/islandora/object/macrepo%3A45526
"Rockwood, Ont. 1904",http://digitalarchive.mcmaster.ca/islandora/object/macrepo%3A45527
"Seaforth, Ont. 1923",http://digitalarchive.mcmaster.ca/islandora/object/macrepo%3A45529
"Selkirk, Ont. 1905",http://digitalarchive.mcmaster.ca/islandora/object/macrepo%3A45533
"Shakespeare, Ont. 1901",http://digitalarchive.mcmaster.ca/islandora/object/macrepo%3A45534
"Spanish River, Ont. 1896",http://digitalarchive.mcmaster.ca/islandora/object/macrepo%3A45535
"Spragge, Ont. 1896",http://digitalarchive.mcmaster.ca/islandora/object/macrepo%3A45536
"Springfield, Ont. 1906",http://digitalarchive.mcmaster.ca/islandora/object/macrepo%3A45537
"Stevensville, Ont. 1897",http://digitalarchive.mcmaster.ca/islandora/object/macrepo%3A45538
"St. George, Ont. 1894",http://digitalarchive.mcmaster.ca/islandora/object/macrepo%3A45549
"Wiarton, Ont. 1923",http://digitalarchive.mcmaster.ca/islandora/object/macrepo%3A45551
"Vienna, Ont. 1896",http://digitalarchive.mcmaster.ca/islandora/object/macrepo%3A45552
"Victoria Harbour, Ont. 1890",http://digitalarchive.mcmaster.ca/islandora/object/macrepo%3A45553
"St. Jacobs, Ont. 1904",http://digitalarchive.mcmaster.ca/islandora/object/macrepo%3A45554
"Yarker, Ont. 1904",http://digitalarchive.mcmaster.ca/islandora/object/macrepo%3A45562
"Wyoming, Ont. 1906",http://digitalarchive.mcmaster.ca/islandora/object/macrepo%3A45563
"Wroxeter, Ont. 1894",http://digitalarchive.mcmaster.ca/islandora/object/macrepo%3A45564
"Zurich, Ont. 1896",http://digitalarchive.mcmaster.ca/islandora/object/macrepo%3A45570
"Pontypool, Ont. 1904",http://digitalarchive.mcmaster.ca/islandora/object/macrepo%3A45573
"Schomberg, Ont. 1904",http://digitalarchive.mcmaster.ca/islandora/object/macrepo%3A45577
"Plantagenet, Ont. 1897",http://digitalarchive.mcmaster.ca/islandora/object/macrepo%3A45578
"Osnabruck, Ont. 1896",http://digitalarchive.mcmaster.ca/islandora/object/macrepo%3A46730
France 1:250k Topographic Maps,http://digitalarchive.mcmaster.ca/islandora/object/macrepo%3A48084
Italy Switzerland 1:250k Topographic Maps,http://digitalarchive.mcmaster.ca/islandora/object/macrepo%3A48086
"Saint-Pierre-les-Becquets, Québec 1897",http://digitalarchive.mcmaster.ca/islandora/object/macrepo%3A48681
"Wakefield, Québec 1897",http://digitalarchive.mcmaster.ca/islandora/object/macrepo%3A48683
"Africa, North 1:500k Topographic Maps",http://digitalarchive.mcmaster.ca/islandora/object/macrepo%3A48687
"Hamilton, Ont. 19th century maps &amp; surveys",http://digitalarchive.mcmaster.ca/islandora/object/macrepo%3A49596
England &amp; Wales 1:253k Topographic Maps,http://digitalarchive.mcmaster.ca/islandora/object/macrepo%3A61441
England &amp; Wales 1:63K Topographic Maps,http://digitalarchive.mcmaster.ca/islandora/object/macrepo%3A61443
"Preston, Ont. 1924",http://digitalarchive.mcmaster.ca/islandora/object/macrepo%3A66498
"Trench Maps, Western Front (Chasseaud Collection)",http://digitalarchive.mcmaster.ca/islandora/object/macrepo%3A66554
Regular Series 1:10k (Chasseaud Collection),http://digitalarchive.mcmaster.ca/islandora/object/macrepo%3A66555
Regular Series 1:20k (Chasseaud Collection),http://digitalarchive.mcmaster.ca/islandora/object/macrepo%3A66556
Special Sheets 1:20k (Chasseaud Collection),http://digitalarchive.mcmaster.ca/islandora/object/macrepo%3A66557
Special Sheets 1:40k to 1:250k (Chasseaud Collection),http://digitalarchive.mcmaster.ca/islandora/object/macrepo%3A66558
Special Sheets 1:5k &amp; 1:10k (Chasseaud Collection),http://digitalarchive.mcmaster.ca/islandora/object/macrepo%3A66559
Scotland 1:253k Topographic Maps,http://digitalarchive.mcmaster.ca/islandora/object/macrepo%3A66578
Scotland 1:63k Topographic Maps,http://digitalarchive.mcmaster.ca/islandora/object/macrepo%3A66579
"Bowmanville, Ont. 1924",http://digitalarchive.mcmaster.ca/islandora/object/macrepo%3A66580
"Burlington, Ont. 1924",http://digitalarchive.mcmaster.ca/islandora/object/macrepo%3A66581
"Korean War, 1950-1953",http://digitalarchive.mcmaster.ca/islandora/object/macrepo%3A66648
"World War, 1939-1945",http://digitalarchive.mcmaster.ca/islandora/object/macrepo%3A66649
Korean War Topographic Maps,http://digitalarchive.mcmaster.ca/islandora/object/macrepo%3A66650
WWII Strategic Maps,http://digitalarchive.mcmaster.ca/islandora/object/macrepo%3A66651
WWII Miscellaneous Maps,http://digitalarchive.mcmaster.ca/islandora/object/macrepo%3A66652
Hong Kong 1:20k Topographic Maps,http://digitalarchive.mcmaster.ca/islandora/object/macrepo%3A66659
Italy 1:25k Topographic Maps,http://digitalarchive.mcmaster.ca/islandora/object/macrepo%3A66660
Germany 1:25K Topographic Maps,http://digitalarchive.mcmaster.ca/islandora/object/macrepo%3A67045
Levant 1:50K Topographic Maps,http://digitalarchive.mcmaster.ca/islandora/object/macrepo%3A67046
"Levant, South 1:50K Topographic Maps",http://digitalarchive.mcmaster.ca/islandora/object/macrepo%3A67047
Borneo 1:200K Topographic Maps,http://digitalarchive.mcmaster.ca/islandora/object/macrepo%3A67048
Borneo 1:250K Topographic Maps,http://digitalarchive.mcmaster.ca/islandora/object/macrepo%3A67049
"Russo-Japanese War, 1904-1905",http://digitalarchive.mcmaster.ca/islandora/object/macrepo%3A70033
Great Britain 1:500k Topographic Maps,http://digitalarchive.mcmaster.ca/islandora/object/macrepo%3A70034
Great Britain 1:25k Topographic Maps,http://digitalarchive.mcmaster.ca/islandora/object/macrepo%3A70035
Iceland 1:600k Topographic Maps,http://digitalarchive.mcmaster.ca/islandora/object/macrepo%3A70036
"Russia, Murmansk Region 1:100k",http://digitalarchive.mcmaster.ca/islandora/object/macrepo%3A70155
Russia 1:1mil,http://digitalarchive.mcmaster.ca/islandora/object/macrepo%3A70156
Asia 1:4mil Topographic Maps,http://digitalarchive.mcmaster.ca/islandora/object/macrepo%3A70157
BEF Original Issue 100k Topographic Series,http://digitalarchive.mcmaster.ca/islandora/object/macrepo%3A70212
Europe 1:1mil Topographic Maps,http://digitalarchive.mcmaster.ca/islandora/object/macrepo%3A70472
"Europe 1:1mil, Great Britain Topographic Maps",http://digitalarchive.mcmaster.ca/islandora/object/macrepo%3A70474
Europe 1:2mil Topographic Maps,http://digitalarchive.mcmaster.ca/islandora/object/macrepo%3A70475
Europe 1:500k Topographic Maps,http://digitalarchive.mcmaster.ca/islandora/object/macrepo%3A70476
"Norway, South, road map",http://digitalarchive.mcmaster.ca/islandora/object/macrepo%3A70478
test,http://digitalarchive.mcmaster.ca/islandora/object/macrepo%3A70492
"France 1:250k, GSGS 2738",http://digitalarchive.mcmaster.ca/islandora/object/macrepo%3A70659
"North West Europe 1:250k, GSGS 2733 &amp; 2733b",http://digitalarchive.mcmaster.ca/islandora/object/macrepo%3A70660
"WWII Canada, Training and Defence",http://digitalarchive.mcmaster.ca/islandora/object/macrepo%3A70822
"Hamilton Region, 20th century aerial photographs",http://digitalarchive.mcmaster.ca/islandora/object/macrepo%3A71369
1927 - Hamilton aerial photographs,http://digitalarchive.mcmaster.ca/islandora/object/macrepo%3A71370
1950 - Dunnville aerial photographs,http://digitalarchive.mcmaster.ca/islandora/object/macrepo%3A71371
1919 - Hamilton aerial photographs,http://digitalarchive.mcmaster.ca/islandora/object/macrepo%3A71376
1953 - Hamilton-Burlington aerial photographs,http://digitalarchive.mcmaster.ca/islandora/object/macrepo%3A71378
1955 - Hamilton aerial photographs,http://digitalarchive.mcmaster.ca/islandora/object/macrepo%3A71395
1956 - Hamilton aerial photographs,http://digitalarchive.mcmaster.ca/islandora/object/macrepo%3A71401
1934 - Greater Hamilton Area aerial photographs,http://digitalarchive.mcmaster.ca/islandora/object/macrepo%3A71535
1943 - Hamilton aerial photographs,http://digitalarchive.mcmaster.ca/islandora/object/macrepo%3A71536
1950 - Hamilton aerial photographs,http://digitalarchive.mcmaster.ca/islandora/object/macrepo%3A71537
1951 - Hamilton aerial photographs,http://digitalarchive.mcmaster.ca/islandora/object/macrepo%3A71538
"1951-1952 - Brant, Waterloo, and Wentworth Counties aerial photographs",http://digitalarchive.mcmaster.ca/islandora/object/macrepo%3A71539
1952 - Hamilton aerial photographs,http://digitalarchive.mcmaster.ca/islandora/object/macrepo%3A71540
1954-1955 - Greater Hamilton Area aerial photographs,http://digitalarchive.mcmaster.ca/islandora/object/macrepo%3A71541
1954 - Southern Ontario aerial photographs,http://digitalarchive.mcmaster.ca/islandora/object/macrepo%3A71542
1958-1959 - Hamilton aerial photographs,http://digitalarchive.mcmaster.ca/islandora/object/macrepo%3A71544
1959-1962 - Golden Horseshoe Area aerial photographs,http://digitalarchive.mcmaster.ca/islandora/object/macrepo%3A71545
1960 - Greater Hamilton Area aerial photographs,http://digitalarchive.mcmaster.ca/islandora/object/macrepo%3A71546
1961 - Hamilton aerial photographs,http://digitalarchive.mcmaster.ca/islandora/object/macrepo%3A71547
1962-1963 - Hamilton to Mississauga aerial photographs,http://digitalarchive.mcmaster.ca/islandora/object/macrepo%3A71548
1963 - Hamilton aerial photographs,http://digitalarchive.mcmaster.ca/islandora/object/macrepo%3A71549
1964 - Hamilton aerial photographs,http://digitalarchive.mcmaster.ca/islandora/object/macrepo%3A71550
1964 - Southern Ontario aerial photographs,http://digitalarchive.mcmaster.ca/islandora/object/macrepo%3A71551
1965 - Hamilton aerial photographs,http://digitalarchive.mcmaster.ca/islandora/object/macrepo%3A71552
1965 - Caledonia aerial photographs,http://digitalarchive.mcmaster.ca/islandora/object/macrepo%3A71553
1966 - Hamilton aerial photographs,http://digitalarchive.mcmaster.ca/islandora/object/macrepo%3A71554
1966 - Kitchener-Brantford aerial photographs,http://digitalarchive.mcmaster.ca/islandora/object/macrepo%3A71555
1966 - Beamsville aerial photographs,http://digitalarchive.mcmaster.ca/islandora/object/macrepo%3A71556
1967 - Hamilton-Burlington aerial photographs,http://digitalarchive.mcmaster.ca/islandora/object/macrepo%3A71557
1967 - Hamilton aerial photographs,http://digitalarchive.mcmaster.ca/islandora/object/macrepo%3A71558
1969 - Hamilton aerial photographs,http://digitalarchive.mcmaster.ca/islandora/object/macrepo%3A71559
1970 - Golden Horseshoe Area aerial photographs,http://digitalarchive.mcmaster.ca/islandora/object/macrepo%3A71560
test,http://digitalarchive.mcmaster.ca/islandora/object/macrepo%3A71721
"Caledonia, Ont. 1925",http://digitalarchive.mcmaster.ca/islandora/object/macrepo%3A74488
Other WWI Theatres of War,http://digitalarchive.mcmaster.ca/islandora/object/macrepo%3A74920
Turkey WWI,http://digitalarchive.mcmaster.ca/islandora/object/macrepo%3A74921
Africa WWI,http://digitalarchive.mcmaster.ca/islandora/object/macrepo%3A74922
Egypt WWI,http://digitalarchive.mcmaster.ca/islandora/object/macrepo%3A74923
Balkans WWI,http://digitalarchive.mcmaster.ca/islandora/object/macrepo%3A74924
Italy WWI,http://digitalarchive.mcmaster.ca/islandora/object/macrepo%3A74925
Russia WWI,http://digitalarchive.mcmaster.ca/islandora/object/macrepo%3A74926
German East Africa WWI,http://digitalarchive.mcmaster.ca/islandora/object/macrepo%3A74927
Middle East WWI,http://digitalarchive.mcmaster.ca/islandora/object/macrepo%3A74928
Gallipoli 1:20k series,http://digitalarchive.mcmaster.ca/islandora/object/macrepo%3A74929
Syria 1:250k series,http://digitalarchive.mcmaster.ca/islandora/object/macrepo%3A74930
Palestine 1:40k series,http://digitalarchive.mcmaster.ca/islandora/object/macrepo%3A74931
Palestine 1:20k series,http://digitalarchive.mcmaster.ca/islandora/object/macrepo%3A74932
British East Africa 1:250k series WWI,http://digitalarchive.mcmaster.ca/islandora/object/macrepo%3A74933
German Maps,http://digitalarchive.mcmaster.ca/islandora/object/macrepo%3A74935
Railway and Ammunition Dump Maps,http://digitalarchive.mcmaster.ca/islandora/object/macrepo%3A74936
Training Area Maps,http://digitalarchive.mcmaster.ca/islandora/object/macrepo%3A74938
Enemy Organisation Maps,http://digitalarchive.mcmaster.ca/islandora/object/macrepo%3A74939
Enemy Order of Battle Maps,http://digitalarchive.mcmaster.ca/islandora/object/macrepo%3A74940
French Maps,http://digitalarchive.mcmaster.ca/islandora/object/macrepo%3A74941
Regular Series 1:20k (Original Collection),http://digitalarchive.mcmaster.ca/islandora/object/macrepo%3A74943
Regular Series 1:40k (Original Collection),http://digitalarchive.mcmaster.ca/islandora/object/macrepo%3A74944
Regular Series 1:10k (Original Collection),http://digitalarchive.mcmaster.ca/islandora/object/macrepo%3A74945
Sun Prints,http://digitalarchive.mcmaster.ca/islandora/object/macrepo%3A75083
&quot;B&quot; Series Maps,http://digitalarchive.mcmaster.ca/islandora/object/macrepo%3A75086
Traffic Maps,http://digitalarchive.mcmaster.ca/islandora/object/macrepo%3A75096
Sketch and Manuscript Maps,http://digitalarchive.mcmaster.ca/islandora/object/macrepo%3A75195
Special Sheets,http://digitalarchive.mcmaster.ca/islandora/object/macrepo%3A75202
Enemy Battery Positions Maps,http://digitalarchive.mcmaster.ca/islandora/object/macrepo%3A75209
Commercial Newspaper Maps,http://digitalarchive.mcmaster.ca/islandora/object/macrepo%3A75214
Belgian Maps (pre-war),http://digitalarchive.mcmaster.ca/islandora/object/macrepo%3A75215
Signals-Communications Maps,http://digitalarchive.mcmaster.ca/islandora/object/macrepo%3A75436
Billeting Area Maps,http://digitalarchive.mcmaster.ca/islandora/object/macrepo%3A75437
Water Supply Maps,http://digitalarchive.mcmaster.ca/islandora/object/macrepo%3A75438
Bridge Strength Maps,http://digitalarchive.mcmaster.ca/islandora/object/macrepo%3A75439
Skeleton Maps,http://digitalarchive.mcmaster.ca/islandora/object/macrepo%3A75442
Aerodromes and Hospitals,http://digitalarchive.mcmaster.ca/islandora/object/macrepo%3A75443
Barrage Maps,http://digitalarchive.mcmaster.ca/islandora/object/macrepo%3A75444
Zones of Defence,http://digitalarchive.mcmaster.ca/islandora/object/macrepo%3A75447
WWII Aeronautical Charts,http://digitalarchive.mcmaster.ca/islandora/object/macrepo%3A75555
World 1:1mil AAF Aeronautical Charts,http://digitalarchive.mcmaster.ca/islandora/object/macrepo%3A75556
"Fonthill, Ont. 1925",http://digitalarchive.mcmaster.ca/islandora/object/macrepo%3A75725
"Mildmay, Ont. 1925",http://digitalarchive.mcmaster.ca/islandora/object/macrepo%3A75795
"Tara, Ont. 1926",http://digitalarchive.mcmaster.ca/islandora/object/macrepo%3A76323
"Stratford, Ont. 1925",http://digitalarchive.mcmaster.ca/islandora/object/macrepo%3A76326
1963 - Dundas aerial photographs,http://digitalarchive.mcmaster.ca/islandora/object/macrepo%3A77230
"Cuban War of Independence, 1895-1898",http://digitalarchive.mcmaster.ca/islandora/object/macrepo%3A77266
"War map of Cuba, the World, and the West Indies (3 maps on 1 sheet)",http://digitalarchive.mcmaster.ca/islandora/object/macrepo%3A77268
"Stuart, Harold Brownlee, 1889-1946",http://digitalarchive.mcmaster.ca/islandora/object/macrepo%3A77271
"Clifford, Robert Edward, Hon., 1767-1817",http://digitalarchive.mcmaster.ca/islandora/object/macrepo%3A77283
Podrobnaja karta Rossijskoj Imperīi... (1 map on 15 sheets),http://digitalarchive.mcmaster.ca/islandora/object/macrepo%3A77662
Kriegs Theater der Teutschen und Franzoesischen... (1 map in 6 parts),http://digitalarchive.mcmaster.ca/islandora/object/macrepo%3A77663
Exactissima statuum totius ducatus Bavariae... (1 map in 9 parts),http://digitalarchive.mcmaster.ca/islandora/object/macrepo%3A77664
Carte chorographique des Pays-Bas autrichiens... (1 map on 12 sheets),http://digitalarchive.mcmaster.ca/islandora/object/macrepo%3A77665
Carte contenant l&#039;etendue ... de Perpignan... (1 map on 6 sheets),http://digitalarchive.mcmaster.ca/islandora/object/macrepo%3A77666
Carte de France (1 map on 180 sheets),http://digitalarchive.mcmaster.ca/islandora/object/macrepo%3A77667
"Carte politique, routiere et statistique de l’Europe d’après les derniers traités (4 sheets)",http://digitalarchive.mcmaster.ca/islandora/object/macrepo%3A79183
"Map exhibiting the great post roads, physical and political divisions of Europe... (4 sheets)",http://digitalarchive.mcmaster.ca/islandora/object/macrepo%3A79185
Laurie and Whittle&#039;s new chart of the Mediterranean Sea... (2 sheets),http://digitalarchive.mcmaster.ca/islandora/object/macrepo%3A79186
Cary&#039;s new map of England and Wales...  (3 sheets),http://digitalarchive.mcmaster.ca/islandora/object/macrepo%3A79187
A map of the country sixty five miles round London (10 sheets),http://digitalarchive.mcmaster.ca/islandora/object/macrepo%3A79188
The County of Northampton (2 sheets),http://digitalarchive.mcmaster.ca/islandora/object/macrepo%3A79189
A map of the Russian dominions in Europe... (2 sheets),http://digitalarchive.mcmaster.ca/islandora/object/macrepo%3A79190
Partis Americæ (2 views),http://digitalarchive.mcmaster.ca/islandora/object/macrepo%3A79194
America Meridionale (3 map segments) / Vincenzo Coronelli,http://digitalarchive.mcmaster.ca/islandora/object/macrepo%3A79477
"Map of North America exhibiting the recent discoveries, geographical and nautical (7 sheets)",http://digitalarchive.mcmaster.ca/islandora/object/macrepo%3A79485
County of Cumberland (1 map on 2 sheets),http://digitalarchive.mcmaster.ca/islandora/object/macrepo%3A79500
The County Palatine of Chester / William Faden (2 sheets),http://digitalarchive.mcmaster.ca/islandora/object/macrepo%3A79510
A new and accurate map of the County of Cornwall (2 sheets),http://digitalarchive.mcmaster.ca/islandora/object/macrepo%3A79511
A map of the County of Devon with the City &amp; County of Exeter (3 sheets),http://digitalarchive.mcmaster.ca/islandora/object/macrepo%3A79512
Ordnance map of Devonshire (8 sheets),http://digitalarchive.mcmaster.ca/islandora/object/macrepo%3A79513
A map of the County of Essex (9 sheets),http://digitalarchive.mcmaster.ca/islandora/object/macrepo%3A79514
Part of the first of the general survey of England and Wales... (4 sheets),http://digitalarchive.mcmaster.ca/islandora/object/macrepo%3A79515
The County Palatine of Lancaster,http://digitalarchive.mcmaster.ca/islandora/object/macrepo%3A79570
"Map of Lincoln-shire, comprehending Lindsey, Kesteven &amp; Holland",http://digitalarchive.mcmaster.ca/islandora/object/macrepo%3A79572
A topographical map of the County of Norfolk,http://digitalarchive.mcmaster.ca/islandora/object/macrepo%3A79573
The County of Northampton,http://digitalarchive.mcmaster.ca/islandora/object/macrepo%3A79574
A map of the County of Northumberland with that part of the County of Durham...,http://digitalarchive.mcmaster.ca/islandora/object/macrepo%3A79575
County of Somerset surveyed by Day and Masters,http://digitalarchive.mcmaster.ca/islandora/object/macrepo%3A79576
The County of Suffolk,http://digitalarchive.mcmaster.ca/islandora/object/macrepo%3A79577
"A topographical map of the County of Sussex, divided into Rapes, Deanries and Hundreds",http://digitalarchive.mcmaster.ca/islandora/object/macrepo%3A79578
A topographical map of Wiltshire,http://digitalarchive.mcmaster.ca/islandora/object/macrepo%3A79579
"The County of York, Survey&#039;d in MDCCLXVII, VIII, IX and MDCLXX",http://digitalarchive.mcmaster.ca/islandora/object/macrepo%3A79580
"Map of Lincoln-Shire, comprehending Lindsey, Kesteven &amp; Holland, Surveyed in the Years, 1776, 7 (2 sheets)",http://digitalarchive.mcmaster.ca/islandora/object/macrepo%3A80897
A topographical map of Wiltshire (6 sheets),http://digitalarchive.mcmaster.ca/islandora/object/macrepo%3A80898
The County of York (10 sheets),http://digitalarchive.mcmaster.ca/islandora/object/macrepo%3A80899
"Plan of the Cities of london and Westminster the borough of Southwark, and parts adjoining shewing every house (8 sheets)",http://digitalarchive.mcmaster.ca/islandora/object/macrepo%3A80900
"Cary&#039;s new and accurate plan of London and Westminster, the borough of Southwark and parts adjacent... (4 sheets)",http://digitalarchive.mcmaster.ca/islandora/object/macrepo%3A80901
A new map of England &amp; Wales (2 sheets),http://digitalarchive.mcmaster.ca/islandora/object/macrepo%3A80902
[Map of the Six Counties of North-Wales] (3 sheets),http://digitalarchive.mcmaster.ca/islandora/object/macrepo%3A80903
Map of Scotland constructed from original materials obtained under the authority of the Parliamentary Commissioners... (4 sheets,http://digitalarchive.mcmaster.ca/islandora/object/macrepo%3A80904
"A new and correct map of Scotland or North Britain with all the post and military roads, divisions &amp; ca. (2 sheets)",http://digitalarchive.mcmaster.ca/islandora/object/macrepo%3A80905
Scotland drawn and engrav&#039;d from a series of angles and astronomical observations (2 sheets),http://digitalarchive.mcmaster.ca/islandora/object/macrepo%3A80906
Map of Scotland constructed from original materials obtained under the authority of the Parliamentary Commissioners... (2 sheets,http://digitalarchive.mcmaster.ca/islandora/object/macrepo%3A80907
"A map of the County of Antrim, from actual survey (2 sheets)",http://digitalarchive.mcmaster.ca/islandora/object/macrepo%3A80908
The County of Clare in the Province of Munster and Kingdom of Ireland... (4 sheets),http://digitalarchive.mcmaster.ca/islandora/object/macrepo%3A80909
"A survey of the parishes of Tipperkevan, Ballymore Eustace and Ballybought in the Barony of Uppercross... (2 sheets)",http://digitalarchive.mcmaster.ca/islandora/object/macrepo%3A80910
"[Map of the Kingdoms of Spain and Portugal, including Algarve] (4 sheets)",http://digitalarchive.mcmaster.ca/islandora/object/macrepo%3A80911
Carte générale de la navigation interieure tant naturelle qu&#039;artificielle de la France (2 sheets),http://digitalarchive.mcmaster.ca/islandora/object/macrepo%3A80912
[France - 3 Sections] (3 sheets),http://digitalarchive.mcmaster.ca/islandora/object/macrepo%3A80913
Nouvelle carte chorographique des pays bas autrichiens (4 sheets),http://digitalarchive.mcmaster.ca/islandora/object/macrepo%3A80914
Carte hydrographique des Etats de la Maison D&#039;Autriche... (2 sheets),http://digitalarchive.mcmaster.ca/islandora/object/macrepo%3A80915
Etat et rivieres de Genes (2 sheets),http://digitalarchive.mcmaster.ca/islandora/object/macrepo%3A80916
Madeira and Canary Islands / Benedetto Bordon (2 maps on 1 sheet),http://digitalarchive.mcmaster.ca/islandora/object/macrepo%3A80981
Mexicvm (1 map on 4 sheets) / Giovanni Battista Nicolosi,http://digitalarchive.mcmaster.ca/islandora/object/macrepo%3A81030
"Cold War, 1945-1989",http://digitalarchive.mcmaster.ca/islandora/object/macrepo%3A81038
Canadian military town plans,http://digitalarchive.mcmaster.ca/islandora/object/macrepo%3A81039
Yukon Territory,http://digitalarchive.mcmaster.ca/islandora/object/macrepo%3A81115
Yukon Gold Rush and Alaskan Border Dispute,http://digitalarchive.mcmaster.ca/islandora/object/macrepo%3A81116
Mountain Phototopography Maps,http://digitalarchive.mcmaster.ca/islandora/object/macrepo%3A81117
Topographical Survey of the Rocky Mountains,http://digitalarchive.mcmaster.ca/islandora/object/macrepo%3A81118
Yukon Map 1898 on 10 sheets,http://digitalarchive.mcmaster.ca/islandora/object/macrepo%3A81130
McMaster University campus maps and air photos,http://digitalarchive.mcmaster.ca/islandora/object/macrepo%3A81131
McMaster campus maps,http://digitalarchive.mcmaster.ca/islandora/object/macrepo%3A81132
McMaster campus air photos,http://digitalarchive.mcmaster.ca/islandora/object/macrepo%3A81133
"Southern Ontario, 20th century aerial photographs",http://digitalarchive.mcmaster.ca/islandora/object/macrepo%3A81142
1966 - Bruce Peninsula aerial photographs,http://digitalarchive.mcmaster.ca/islandora/object/macrepo%3A81143
1974 - Bruce Peninsula aerial photographs,http://digitalarchive.mcmaster.ca/islandora/object/macrepo%3A81144
1964 - Caledon Area aerial photographs (Halton / Peel Regions),http://digitalarchive.mcmaster.ca/islandora/object/macrepo%3A81145
1969 - Caledon Area aerial photographs (Halton / Peel Regions),http://digitalarchive.mcmaster.ca/islandora/object/macrepo%3A81146
1977 - Caledon Area aerial photographs (Halton / Peel Regions),http://digitalarchive.mcmaster.ca/islandora/object/macrepo%3A81147
1948 - North Bay Region aerial photographs,http://digitalarchive.mcmaster.ca/islandora/object/macrepo%3A81148
1950 - Rondeau Provincial Park aerial photographs,http://digitalarchive.mcmaster.ca/islandora/object/macrepo%3A81149
1955 - Simcoe - Delhi aerial photographs (Norfolk County),http://digitalarchive.mcmaster.ca/islandora/object/macrepo%3A81150
Dispatch atlas. North America (1 map on 2 sheets),http://digitalarchive.mcmaster.ca/islandora/object/macrepo%3A81206
Tunison&#039;s Canada (3 maps on 1 sheet),http://digitalarchive.mcmaster.ca/islandora/object/macrepo%3A81255
Burlington Cemetery gatehouse [architectural plans],http://digitalarchive.mcmaster.ca/islandora/object/macrepo%3A81259
Design for a gate lodge Burlington Cemetery [set of architectural plans],http://digitalarchive.mcmaster.ca/islandora/object/macrepo%3A81260
Plan of parks survey upon lot no. 9 in First Concession of the Township of Barton [1 map in 4 segments],http://digitalarchive.mcmaster.ca/islandora/object/macrepo%3A81261
"American Revolution, 1775-1783",http://digitalarchive.mcmaster.ca/islandora/object/macrepo%3A81262
Maps of the expedition from Canada of Gen. Burgoyne [collection of 6 maps],http://digitalarchive.mcmaster.ca/islandora/object/macrepo%3A81263
Plan of the encampment and position of the army ... at Braemus Heights [map 5; 2 image files],http://digitalarchive.mcmaster.ca/islandora/object/macrepo%3A81264
An exact chart of the River St. Laurence... by Thomas Jefferys (1 map on 2 sheets),http://digitalarchive.mcmaster.ca/islandora/object/macrepo%3A81265
"3 Karten zu Arat, Eratosthenes, Dionysius Perigeles [signed] W. Matthias 1816 (3 maps in 1 folder)",http://digitalarchive.mcmaster.ca/islandora/object/macrepo%3A81266
France: Aeronautique Militaire,http://digitalarchive.mcmaster.ca/islandora/object/macrepo%3A81267
"Allied Occupation of the Rhineland, 1919",http://digitalarchive.mcmaster.ca/islandora/object/macrepo%3A81268
"Brighton, Ont. 1926",http://digitalarchive.mcmaster.ca/islandora/object/macrepo%3A81269
Macmillan Collection,http://digitalarchive.mcmaster.ca/islandora/object/macrepo%3A81271
"Crystal Beach, Ont. 1927",http://digitalarchive.mcmaster.ca/islandora/object/macrepo%3A81273
Map of the Province of Ontario ; District of Nippissing ; Eastern part of Algoma District (3 maps on 1 sheet),http://digitalarchive.mcmaster.ca/islandora/object/macrepo%3A81275
"Mackenzie, Alexander, 1764-1820",http://digitalarchive.mcmaster.ca/islandora/object/macrepo%3A81281
"Back, George, 1796-1878",http://digitalarchive.mcmaster.ca/islandora/object/macrepo%3A81284
City of Montreal and suburbs ; Atlas of the Dominion Counties ... Province of Ontario (3 maps on 1 sheet),http://digitalarchive.mcmaster.ca/islandora/object/macrepo%3A81291
"Milton, Ont. 1927",http://digitalarchive.mcmaster.ca/islandora/object/macrepo%3A81294
"Military camps, War of the Austrian Succession, 1740-1748 (set of 20 maps with supplements)",http://digitalarchive.mcmaster.ca/islandora/object/macrepo%3A81326
Cumberland and Westmorland (1 map on 2 sheets),http://digitalarchive.mcmaster.ca/islandora/object/macrepo%3A81397
Map of the provinces of Canada (1 map on 6 sheets) / Joseph Bouchette ,http://digitalarchive.mcmaster.ca/islandora/object/macrepo%3A81412
London 1666 / plans of John Evelyn and Christopher Wren (4 maps on 2 sheets),http://digitalarchive.mcmaster.ca/islandora/object/macrepo%3A81431
Map of the Russian Dominions in Europe / by John Cary (1 map on 4 sheets),http://digitalarchive.mcmaster.ca/islandora/object/macrepo%3A81436
Carte des royaumes d&#039;Espagne et de Portugal / par L. Vivien (1 map on 8 sheets),http://digitalarchive.mcmaster.ca/islandora/object/macrepo%3A81441
Precis historique des opérations de l&#039;armée française en Espagne... (accompanying text on 4 sheets),http://digitalarchive.mcmaster.ca/islandora/object/macrepo%3A81450
