identifier,crs
HTDP63360K030L13_1906,EPSG:4267 (http://spatialreference.org/ref/epsg/4267/)
HTDP63360K030L13_1922,EPSG:4267 (http://spatialreference.org/ref/epsg/4267/)
HTDP63360K030L13_1928,EPSG:4267 (http://spatialreference.org/ref/epsg/4267/)
HTDP63360K030L13_1938_MB,EPSG:4267 (http://spatialreference.org/ref/epsg/4267/)
HTDP63360K030L13_1938_UTM,EPSG:4267 (http://spatialreference.org/ref/epsg/4267/)
HTDP63360K030L14_1907,EPSG:4267 (http://spatialreference.org/ref/epsg/4267/)
HTDP63360K030L14_1916,EPSG:4267 (http://spatialreference.org/ref/epsg/4267/)
HTDP63360K030L14_1923,EPSG:4267 (http://spatialreference.org/ref/epsg/4267/)
HTDP63360K030L14_1929,EPSG:4267 (http://spatialreference.org/ref/epsg/4267/)
HTDP63360K030L14_1934,EPSG:4267 (http://spatialreference.org/ref/epsg/4267/)
HTDP63360K030L14_1938_UTM,EPSG:4267 (http://spatialreference.org/ref/epsg/4267/)
HTDP63360K030L15_1907,EPSG:4267 (http://spatialreference.org/ref/epsg/4267/)
HTDP63360K030L15_1917,EPSG:4267 (http://spatialreference.org/ref/epsg/4267/)
HTDP63360K030L15_1924,EPSG:4267 (http://spatialreference.org/ref/epsg/4267/)
HTDP63360K030M03_1906,EPSG:4267 (http://spatialreference.org/ref/epsg/4267/)
HTDP63360K030M03_1907,EPSG:4267 (http://spatialreference.org/ref/epsg/4267/)
HTDP63360K030M03_1908,EPSG:4267 (http://spatialreference.org/ref/epsg/4267/)
HTDP63360K030M03_1915,EPSG:4267 (http://spatialreference.org/ref/epsg/4267/)
HTDP63360K030M03_1920,EPSG:4267 (http://spatialreference.org/ref/epsg/4267/)
HTDP63360K030M03_1925,EPSG:4267 (http://spatialreference.org/ref/epsg/4267/)
HTDP63360K030M03_1928,EPSG:4267 (http://spatialreference.org/ref/epsg/4267/)
HTDP63360K030M03_1930,EPSG:4267 (http://spatialreference.org/ref/epsg/4267/)
HTDP63360K030M03_1938,EPSG:4267 (http://spatialreference.org/ref/epsg/4267/)
HTDP63360K030M03_1939,EPSG:4267 (http://spatialreference.org/ref/epsg/4267/)
HTDP63360K030M03_1942_MB,EPSG:4267 (http://spatialreference.org/ref/epsg/4267/)
HTDP63360K030M03_1942,EPSG:4267 (http://spatialreference.org/ref/epsg/4267/)
HTDP63360K030M04_1907,EPSG:4267 (http://spatialreference.org/ref/epsg/4267/)
HTDP63360K030M04_1923,EPSG:4267 (http://spatialreference.org/ref/epsg/4267/)
HTDP63360K030M04_1929,EPSG:4267 (http://spatialreference.org/ref/epsg/4267/)
HTDP63360K030M04_1934,EPSG:4267 (http://spatialreference.org/ref/epsg/4267/)
HTDP63360K030M04_1938_MB,EPSG:4267 (http://spatialreference.org/ref/epsg/4267/)
HTDP63360K030M04_1938,EPSG:4267 (http://spatialreference.org/ref/epsg/4267/)
HTDP63360K030M05_1909,EPSG:4267 (http://spatialreference.org/ref/epsg/4267/)
HTDP63360K030M05_1915,EPSG:4267 (http://spatialreference.org/ref/epsg/4267/)
HTDP63360K030M05_1919,EPSG:4267 (http://spatialreference.org/ref/epsg/4267/)
HTDP63360K030M05_1923,EPSG:4267 (http://spatialreference.org/ref/epsg/4267/)
HTDP63360K030M05_1931,EPSG:4267 (http://spatialreference.org/ref/epsg/4267/)
HTDP63360K030M05_1938,EPSG:4267 (http://spatialreference.org/ref/epsg/4267/)
HTDP63360K030M11_1909,EPSG:4267 (http://spatialreference.org/ref/epsg/4267/)
HTDP63360K030M11_1915,EPSG:4267 (http://spatialreference.org/ref/epsg/4267/)
HTDP63360K030M11_1918,EPSG:4267 (http://spatialreference.org/ref/epsg/4267/)
HTDP63360K030M11_1921,EPSG:4267 (http://spatialreference.org/ref/epsg/4267/)
HTDP63360K030M11_1927,EPSG:4267 (http://spatialreference.org/ref/epsg/4267/)
HTDP63360K030M11_1931_MB,EPSG:4267 (http://spatialreference.org/ref/epsg/4267/)
HTDP63360K030M11_1931,EPSG:4267 (http://spatialreference.org/ref/epsg/4267/)
HTDP63360K030M11_1942_MB,EPSG:4267 (http://spatialreference.org/ref/epsg/4267/)
HTDP63360K030M11_1942,EPSG:4267 (http://spatialreference.org/ref/epsg/4267/)
HTDP63360K030M11_1949_UTM,EPSG:4267 (http://spatialreference.org/ref/epsg/4267/)
HTDP63360K030M11_1949,EPSG:4267 (http://spatialreference.org/ref/epsg/4267/)
HTDP63360K030M12_1909,EPSG:4267 (http://spatialreference.org/ref/epsg/4267/)
HTDP63360K030M12_1915,EPSG:4267 (http://spatialreference.org/ref/epsg/4267/)
HTDP63360K030M12_1918,EPSG:4267 (http://spatialreference.org/ref/epsg/4267/)
HTDP63360K030M12_1922,EPSG:4267 (http://spatialreference.org/ref/epsg/4267/)
HTDP63360K030M12_1929,EPSG:4267 (http://spatialreference.org/ref/epsg/4267/)
HTDP63360K030M12_1931,EPSG:4267 (http://spatialreference.org/ref/epsg/4267/)
HTDP63360K030M12_1933,EPSG:4267 (http://spatialreference.org/ref/epsg/4267/)
HTDP63360K030M12_1938,EPSG:4267 (http://spatialreference.org/ref/epsg/4267/)
HTDP63360K030M12_1942_MB,EPSG:4267 (http://spatialreference.org/ref/epsg/4267/)
HTDP63360K030M12_1942_UTM,EPSG:4267 (http://spatialreference.org/ref/epsg/4267/)
HTDP63360K030M13_1914,EPSG:4267 (http://spatialreference.org/ref/epsg/4267/)
HTDP63360K030M13_1919,EPSG:4267 (http://spatialreference.org/ref/epsg/4267/)
HTDP63360K030M13_1926,EPSG:4267 (http://spatialreference.org/ref/epsg/4267/)
HTDP63360K030M13_1934,EPSG:4267 (http://spatialreference.org/ref/epsg/4267/)
HTDP63360K030M13_1938,EPSG:4267 (http://spatialreference.org/ref/epsg/4267/)
HTDP63360K030M13_1939,EPSG:4267 (http://spatialreference.org/ref/epsg/4267/)
HTDP63360K030M13_1940_UTM,EPSG:4267 (http://spatialreference.org/ref/epsg/4267/)
HTDP63360K030M13_1940,EPSG:4267 (http://spatialreference.org/ref/epsg/4267/)
HTDP63360K030M13_1949,EPSG:4267 (http://spatialreference.org/ref/epsg/4267/)
HTDP63360K030M14_1914,EPSG:4267 (http://spatialreference.org/ref/epsg/4267/)
HTDP63360K030M14_1917,EPSG:4267 (http://spatialreference.org/ref/epsg/4267/)
HTDP63360K030M14_1922,EPSG:4267 (http://spatialreference.org/ref/epsg/4267/)
HTDP63360K030M14_1930,EPSG:4267 (http://spatialreference.org/ref/epsg/4267/)
HTDP63360K030M14_1933,EPSG:4267 (http://spatialreference.org/ref/epsg/4267/)
HTDP63360K030M14_1936_MB,EPSG:4267 (http://spatialreference.org/ref/epsg/4267/)
HTDP63360K030M14_1936,EPSG:4267 (http://spatialreference.org/ref/epsg/4267/)
HTDP63360K030M14_1943,EPSG:4267 (http://spatialreference.org/ref/epsg/4267/)
HTDP63360K030M14_1943_UTM,EPSG:4267 (http://spatialreference.org/ref/epsg/4267/)
HTDP63360K030M14_1949,EPSG:4267 (http://spatialreference.org/ref/epsg/4267/)
HTDP63360K030M15_1930,EPSG:4267 (http://spatialreference.org/ref/epsg/4267/)
HTDP63360K030M15_1938,EPSG:4267 (http://spatialreference.org/ref/epsg/4267/)
HTDP63360K030M15_1939_UTM,EPSG:4267 (http://spatialreference.org/ref/epsg/4267/)
HTDP63360K030M16_1930,EPSG:4267 (http://spatialreference.org/ref/epsg/4267/)
HTDP63360K030M16_1938_UTM,EPSG:4267 (http://spatialreference.org/ref/epsg/4267/)
HTDP63360K030N14_1932,EPSG:4267 (http://spatialreference.org/ref/epsg/4267/)
HTDP63360K030N14_1938_MB,EPSG:4267 (http://spatialreference.org/ref/epsg/4267/)
HTDP63360K030N15_1932,EPSG:4267 (http://spatialreference.org/ref/epsg/4267/)
HTDP63360K031B05_1907,EPSG:4267 (http://spatialreference.org/ref/epsg/4267/)
HTDP63360K031B05_1908,EPSG:4267 (http://spatialreference.org/ref/epsg/4267/)
HTDP63360K031B05_1915,EPSG:4267 (http://spatialreference.org/ref/epsg/4267/)
HTDP63360K031B05_1926,EPSG:4267 (http://spatialreference.org/ref/epsg/4267/)
HTDP63360K031B05_1939,EPSG:4267 (http://spatialreference.org/ref/epsg/4267/)
HTDP63360K031B12_1908,EPSG:4267 (http://spatialreference.org/ref/epsg/4267/)
HTDP63360K031B12_1914,EPSG:4267 (http://spatialreference.org/ref/epsg/4267/)
HTDP63360K031B12_1933,EPSG:4267 (http://spatialreference.org/ref/epsg/4267/)
HTDP63360K031B12_1940_MB,EPSG:4267 (http://spatialreference.org/ref/epsg/4267/)
HTDP63360K031B12_1940_UTM,EPSG:4267 (http://spatialreference.org/ref/epsg/4267/)
HTDP63360K031B12_1940,EPSG:4267 (http://spatialreference.org/ref/epsg/4267/)
HTDP63360K031B13_1908,EPSG:4267 (http://spatialreference.org/ref/epsg/4267/)
HTDP63360K031B13_1915,EPSG:4267 (http://spatialreference.org/ref/epsg/4267/)
HTDP63360K031B13_1926,EPSG:4267 (http://spatialreference.org/ref/epsg/4267/)
HTDP63360K031B13_1940,EPSG:4267 (http://spatialreference.org/ref/epsg/4267/)
HTDP63360K031B14_1908,EPSG:4267 (http://spatialreference.org/ref/epsg/4267/)
HTDP63360K031B14_1915,EPSG:4267 (http://spatialreference.org/ref/epsg/4267/)
HTDP63360K031B14_1924,EPSG:4267 (http://spatialreference.org/ref/epsg/4267/)
HTDP63360K031B14_1940_UTM,EPSG:4267 (http://spatialreference.org/ref/epsg/4267/)
HTDP63360K031B14_1949,EPSG:4267 (http://spatialreference.org/ref/epsg/4267/)
HTDP63360K031C01_1914,EPSG:4267 (http://spatialreference.org/ref/epsg/4267/)
HTDP63360K031C01_1915,EPSG:4267 (http://spatialreference.org/ref/epsg/4267/)
HTDP63360K031C01_1926,EPSG:4267 (http://spatialreference.org/ref/epsg/4267/)
HTDP63360K031C01_1940_UTM,EPSG:4267 (http://spatialreference.org/ref/epsg/4267/)
HTDP63360K031C01-C02-C07-C08_1940,EPSG:4267 (http://spatialreference.org/ref/epsg/4267/)
HTDP63360K031C02_1916,EPSG:4267 (http://spatialreference.org/ref/epsg/4267/)
HTDP63360K031C02_1923,EPSG:4267 (http://spatialreference.org/ref/epsg/4267/)
HTDP63360K031C02_1934,EPSG:4267 (http://spatialreference.org/ref/epsg/4267/)
HTDP63360K031C02_1939_UTM,EPSG:4267 (http://spatialreference.org/ref/epsg/4267/)
HTDP63360K031C03_1933,EPSG:4267 (http://spatialreference.org/ref/epsg/4267/)
HTDP63360K031C03_1938,EPSG:4267 (http://spatialreference.org/ref/epsg/4267/)
HTDP63360K031C04_1932,EPSG:4267 (http://spatialreference.org/ref/epsg/4267/)
HTDP63360K031C04_1933,EPSG:4267 (http://spatialreference.org/ref/epsg/4267/)
HTDP63360K031C04_1935,EPSG:4267 (http://spatialreference.org/ref/epsg/4267/)
HTDP63360K031C04_1938_MB,EPSG:4267 (http://spatialreference.org/ref/epsg/4267/)
HTDP63360K031C04_1938,EPSG:4267 (http://spatialreference.org/ref/epsg/4267/)
HTDP63360K031C05_1933,EPSG:4267 (http://spatialreference.org/ref/epsg/4267/)
HTDP63360K031C05_1941,EPSG:4267 (http://spatialreference.org/ref/epsg/4267/)
HTDP63360K031C06_1933_MB,EPSG:4267 (http://spatialreference.org/ref/epsg/4267/)
HTDP63360K031C06_1939_MB,EPSG:4267 (http://spatialreference.org/ref/epsg/4267/)
HTDP63360K031C07_1916,EPSG:4267 (http://spatialreference.org/ref/epsg/4267/)
HTDP63360K031C07_1923,EPSG:4267 (http://spatialreference.org/ref/epsg/4267/)
HTDP63360K031C07_1933_UTM,EPSG:4267 (http://spatialreference.org/ref/epsg/4267/)
HTDP63360K031C08_1916,EPSG:4267 (http://spatialreference.org/ref/epsg/4267/)
HTDP63360K031C08_1922,EPSG:4267 (http://spatialreference.org/ref/epsg/4267/)
HTDP63360K031C08_1929,EPSG:4267 (http://spatialreference.org/ref/epsg/4267/)
HTDP63360K031C08_1933,EPSG:4267 (http://spatialreference.org/ref/epsg/4267/)
HTDP63360K031C08_1938,EPSG:4267 (http://spatialreference.org/ref/epsg/4267/)
HTDP63360K031C09_1927,EPSG:4267 (http://spatialreference.org/ref/epsg/4267/)
HTDP63360K031C09_1929,EPSG:4267 (http://spatialreference.org/ref/epsg/4267/)
HTDP63360K031C09_1935,EPSG:4267 (http://spatialreference.org/ref/epsg/4267/)
HTDP63360K031C09_1938,EPSG:4267 (http://spatialreference.org/ref/epsg/4267/)
HTDP63360K031C09_1949_UTM,EPSG:4267 (http://spatialreference.org/ref/epsg/4267/)
HTDP63360K031C10_1939_MB,EPSG:4267 (http://spatialreference.org/ref/epsg/4267/)
HTDP63360K031C10_1939,EPSG:4267 (http://spatialreference.org/ref/epsg/4267/)
HTDP63360K031C11_1947,EPSG:4267 (http://spatialreference.org/ref/epsg/4267/)
HTDP63360K031C12_1947,EPSG:4267 (http://spatialreference.org/ref/epsg/4267/)
HTDP63360K031C13_1947,EPSG:4267 (http://spatialreference.org/ref/epsg/4267/)
HTDP63360K031C14_1947,EPSG:4267 (http://spatialreference.org/ref/epsg/4267/)
HTDP63360K031C15_1941,EPSG:4267 (http://spatialreference.org/ref/epsg/4267/)
HTDP63360K031C16_1928,EPSG:4267 (http://spatialreference.org/ref/epsg/4267/)
HTDP63360K031C16_1935,EPSG:4267 (http://spatialreference.org/ref/epsg/4267/)
HTDP63360K031D01_1932,EPSG:4267 (http://spatialreference.org/ref/epsg/4267/)
HTDP63360K031D01_1933,EPSG:4267 (http://spatialreference.org/ref/epsg/4267/)
HTDP63360K031D01_1938,EPSG:4267 (http://spatialreference.org/ref/epsg/4267/)
HTDP63360K031D01_1939_MB,EPSG:4267 (http://spatialreference.org/ref/epsg/4267/)
HTDP63360K031D01_1942,EPSG:4267 (http://spatialreference.org/ref/epsg/4267/)
HTDP63360K031D02_1930,EPSG:4267 (http://spatialreference.org/ref/epsg/4267/)
HTDP63360K031D02_1938,EPSG:4267 (http://spatialreference.org/ref/epsg/4267/)
HTDP63360K031D02_1940,EPSG:4267 (http://spatialreference.org/ref/epsg/4267/)
HTDP63360K031D03_1929,EPSG:4267 (http://spatialreference.org/ref/epsg/4267/)
HTDP63360K031D03_1935,EPSG:4267 (http://spatialreference.org/ref/epsg/4267/)
HTDP63360K031D03_1939_MB,EPSG:4267 (http://spatialreference.org/ref/epsg/4267/)
HTDP63360K031D03_1939,EPSG:4267 (http://spatialreference.org/ref/epsg/4267/)
HTDP63360K031D04_1928,EPSG:4267 (http://spatialreference.org/ref/epsg/4267/)
HTDP63360K031D04_1933,EPSG:4267 (http://spatialreference.org/ref/epsg/4267/)
HTDP63360K031D04_1937,EPSG:4267 (http://spatialreference.org/ref/epsg/4267/)
HTDP63360K031D04_1938,EPSG:4267 (http://spatialreference.org/ref/epsg/4267/)
HTDP63360K031D04_1940,EPSG:4267 (http://spatialreference.org/ref/epsg/4267/)
HTDP63360K031D04_1949,EPSG:4267 (http://spatialreference.org/ref/epsg/4267/)
HTDP63360K031D05_1928,EPSG:4267 (http://spatialreference.org/ref/epsg/4267/)
HTDP63360K031D05_1932,EPSG:4267 (http://spatialreference.org/ref/epsg/4267/)
HTDP63360K031D05_1938,EPSG:4267 (http://spatialreference.org/ref/epsg/4267/)
HTDP63360K031D05_1940_MB,EPSG:4267 (http://spatialreference.org/ref/epsg/4267/)
HTDP63360K031D05_1943,EPSG:4267 (http://spatialreference.org/ref/epsg/4267/)
HTDP63360K031D05_1950_UTM,EPSG:4267 (http://spatialreference.org/ref/epsg/4267/)
HTDP63360K031D06_1929,EPSG:4267 (http://spatialreference.org/ref/epsg/4267/)
HTDP63360K031D06_1935,EPSG:4267 (http://spatialreference.org/ref/epsg/4267/)
HTDP63360K031D06_1939_UTM,EPSG:4267 (http://spatialreference.org/ref/epsg/4267/)
HTDP63360K031D06_1939,EPSG:4267 (http://spatialreference.org/ref/epsg/4267/)
HTDP63360K031D07_1931,EPSG:4267 (http://spatialreference.org/ref/epsg/4267/)
HTDP63360K031D07_1938,EPSG:4267 (http://spatialreference.org/ref/epsg/4267/)
HTDP63360K031D07_1939,EPSG:4267 (http://spatialreference.org/ref/epsg/4267/)
HTDP63360K031D08_1932,EPSG:4267 (http://spatialreference.org/ref/epsg/4267/)
HTDP63360K031D08_1933,EPSG:4267 (http://spatialreference.org/ref/epsg/4267/)
HTDP63360K031D08_1939_MB,EPSG:4267 (http://spatialreference.org/ref/epsg/4267/)
HTDP63360K031D08_1939,EPSG:4267 (http://spatialreference.org/ref/epsg/4267/)
HTDP63360K031D10_1916,EPSG:4267 (http://spatialreference.org/ref/epsg/4267/)
HTDP63360K031D11_1914W,EPSG:4267 (http://spatialreference.org/ref/epsg/4267/)
HTDP63360K031D11_1916E,EPSG:4267 (http://spatialreference.org/ref/epsg/4267/)
HTDP63360K031D12_1950_UTM,EPSG:4267 (http://spatialreference.org/ref/epsg/4267/)
HTDP63360K031D12_1950,EPSG:4267 (http://spatialreference.org/ref/epsg/4267/)
HTDP63360K031F01_1929,EPSG:4267 (http://spatialreference.org/ref/epsg/4267/)
HTDP63360K031F01_1935,EPSG:4267 (http://spatialreference.org/ref/epsg/4267/)
HTDP63360K031F01_1939,EPSG:4267 (http://spatialreference.org/ref/epsg/4267/)
HTDP63360K031F01_1950,EPSG:4267 (http://spatialreference.org/ref/epsg/4267/)
HTDP63360K031F02_1948_UTM,EPSG:4267 (http://spatialreference.org/ref/epsg/4267/)
HTDP63360K031F03_1948,EPSG:4267 (http://spatialreference.org/ref/epsg/4267/)
HTDP63360K031F04_1948_UTM,EPSG:4267 (http://spatialreference.org/ref/epsg/4267/)
HTDP63360K031F05_1948_UTM,EPSG:4267 (http://spatialreference.org/ref/epsg/4267/)
HTDP63360K031F06_1948,EPSG:4267 (http://spatialreference.org/ref/epsg/4267/)
HTDP63360K031F07_1936,EPSG:4267 (http://spatialreference.org/ref/epsg/4267/)
HTDP63360K031F07_1938,EPSG:4267 (http://spatialreference.org/ref/epsg/4267/)
HTDP63360K031F07_1940,EPSG:4267 (http://spatialreference.org/ref/epsg/4267/)
HTDP63360K031F07_1950,EPSG:4267 (http://spatialreference.org/ref/epsg/4267/)
HTDP63360K031F08_1929,EPSG:4267 (http://spatialreference.org/ref/epsg/4267/)
HTDP63360K031F08_1934,EPSG:4267 (http://spatialreference.org/ref/epsg/4267/)
HTDP63360K031F08_1939,EPSG:4267 (http://spatialreference.org/ref/epsg/4267/)
HTDP63360K031F08_1941,EPSG:4267 (http://spatialreference.org/ref/epsg/4267/)
HTDP63360K031F08_1943_MB,EPSG:4267 (http://spatialreference.org/ref/epsg/4267/)
HTDP63360K031F08_1943,EPSG:4267 (http://spatialreference.org/ref/epsg/4267/)
HTDP63360K031F11_1937,EPSG:4267 (http://spatialreference.org/ref/epsg/4267/)
HTDP63360K031F12_1942,EPSG:4267 (http://spatialreference.org/ref/epsg/4267/)
HTDP63360K031F12_1951,EPSG:4267 (http://spatialreference.org/ref/epsg/4267/)
HTDP63360K031F13_1942,EPSG:4267 (http://spatialreference.org/ref/epsg/4267/)
HTDP63360K031F13_1951_UTM,EPSG:4267 (http://spatialreference.org/ref/epsg/4267/)
HTDP63360K031F13_1951,EPSG:4267 (http://spatialreference.org/ref/epsg/4267/)
HTDP63360K031F14_1914,EPSG:4267 (http://spatialreference.org/ref/epsg/4267/)
HTDP63360K031F14_1919,EPSG:4267 (http://spatialreference.org/ref/epsg/4267/)
HTDP63360K031F14_1927,EPSG:4267 (http://spatialreference.org/ref/epsg/4267/)
HTDP63360K031F14_1936,EPSG:4267 (http://spatialreference.org/ref/epsg/4267/)
HTDP63360K031F14_1939_MB,EPSG:4267 (http://spatialreference.org/ref/epsg/4267/)
HTDP63360K031F14_1944_UTM,EPSG:4267 (http://spatialreference.org/ref/epsg/4267/)
HTDP63360K031G01_1908,EPSG:4267 (http://spatialreference.org/ref/epsg/4267/)
HTDP63360K031G01_1915,EPSG:4267 (http://spatialreference.org/ref/epsg/4267/)
HTDP63360K031G01_1925,EPSG:4267 (http://spatialreference.org/ref/epsg/4267/)
HTDP63360K031G01_1935,EPSG:4267 (http://spatialreference.org/ref/epsg/4267/)
HTDP63360K031G01_1944_MB,EPSG:4267 (http://spatialreference.org/ref/epsg/4267/)
HTDP63360K031G01_1944_UTM,EPSG:4267 (http://spatialreference.org/ref/epsg/4267/)
HTDP63360K031G02_1909,EPSG:4267 (http://spatialreference.org/ref/epsg/4267/)
HTDP63360K031G02_1917,EPSG:4267 (http://spatialreference.org/ref/epsg/4267/)
HTDP63360K031G02_1921,EPSG:4267 (http://spatialreference.org/ref/epsg/4267/)
HTDP63360K031G02_1928,EPSG:4267 (http://spatialreference.org/ref/epsg/4267/)
HTDP63360K031G02_1937_UTM,EPSG:4267 (http://spatialreference.org/ref/epsg/4267/)
HTDP63360K031G03_1908,EPSG:4267 (http://spatialreference.org/ref/epsg/4267/)
HTDP63360K031G03_1915,EPSG:4267 (http://spatialreference.org/ref/epsg/4267/)
HTDP63360K031G03_1929,EPSG:4267 (http://spatialreference.org/ref/epsg/4267/)
HTDP63360K031G03_1933_UTM,EPSG:4267 (http://spatialreference.org/ref/epsg/4267/)
HTDP63360K031G04_1908,EPSG:4267 (http://spatialreference.org/ref/epsg/4267/)
HTDP63360K031G04_1914,EPSG:4267 (http://spatialreference.org/ref/epsg/4267/)
HTDP63360K031G04_1930,EPSG:4267 (http://spatialreference.org/ref/epsg/4267/)
HTDP63360K031G04_1936,EPSG:4267 (http://spatialreference.org/ref/epsg/4267/)
HTDP63360K031G04_1938,EPSG:4267 (http://spatialreference.org/ref/epsg/4267/)
HTDP63360K031G04_1940_MAG,EPSG:4267 (http://spatialreference.org/ref/epsg/4267/)
HTDP63360K031G04_1940,EPSG:4267 (http://spatialreference.org/ref/epsg/4267/)
HTDP63360K031G05_1906,EPSG:4267 (http://spatialreference.org/ref/epsg/4267/)
HTDP63360K031G05_1908,EPSG:4267 (http://spatialreference.org/ref/epsg/4267/)
HTDP63360K031G05_1914,EPSG:4267 (http://spatialreference.org/ref/epsg/4267/)
HTDP63360K031G05_1918,EPSG:4267 (http://spatialreference.org/ref/epsg/4267/)
HTDP63360K031G05_1920,EPSG:4267 (http://spatialreference.org/ref/epsg/4267/)
HTDP63360K031G05_1922,EPSG:4267 (http://spatialreference.org/ref/epsg/4267/)
HTDP63360K031G05_1925,EPSG:4267 (http://spatialreference.org/ref/epsg/4267/)
HTDP63360K031G05_1927,EPSG:4267 (http://spatialreference.org/ref/epsg/4267/)
HTDP63360K031G05_1930,EPSG:4267 (http://spatialreference.org/ref/epsg/4267/)
HTDP63360K031G05_1932,EPSG:4267 (http://spatialreference.org/ref/epsg/4267/)
HTDP63360K031G05_1933,EPSG:4267 (http://spatialreference.org/ref/epsg/4267/)
HTDP63360K031G05_1935,EPSG:4267 (http://spatialreference.org/ref/epsg/4267/)
HTDP63360K031G05_1936,EPSG:4267 (http://spatialreference.org/ref/epsg/4267/)
HTDP63360K031G05_1938_MB,EPSG:4267 (http://spatialreference.org/ref/epsg/4267/)
HTDP63360K031G05_1938,EPSG:4267 (http://spatialreference.org/ref/epsg/4267/)
HTDP63360K031G05_1940,EPSG:4267 (http://spatialreference.org/ref/epsg/4267/)
HTDP63360K031G05_1941_MB,EPSG:4267 (http://spatialreference.org/ref/epsg/4267/)
HTDP63360K031G05_1941,EPSG:4267 (http://spatialreference.org/ref/epsg/4267/)
HTDP63360K031G05_1948_UTM,EPSG:4267 (http://spatialreference.org/ref/epsg/4267/)
HTDP63360K031G05-G12_1931,EPSG:4267 (http://spatialreference.org/ref/epsg/4267/)
HTDP63360K031G05-G12_1939,EPSG:4267 (http://spatialreference.org/ref/epsg/4267/)
HTDP63360K031G05-G12_1953,EPSG:4267 (http://spatialreference.org/ref/epsg/4267/)
HTDP63360K031G06_1908,EPSG:4267 (http://spatialreference.org/ref/epsg/4267/)
HTDP63360K031G06_1915,EPSG:4267 (http://spatialreference.org/ref/epsg/4267/)
HTDP63360K031G06_1926,EPSG:4267 (http://spatialreference.org/ref/epsg/4267/)
HTDP63360K031G06_1936,EPSG:4267 (http://spatialreference.org/ref/epsg/4267/)
HTDP63360K031G06_1939_MB,EPSG:4267 (http://spatialreference.org/ref/epsg/4267/)
HTDP63360K031G06_1939_UTM,EPSG:4267 (http://spatialreference.org/ref/epsg/4267/)
HTDP63360K031G07_1909,EPSG:4267 (http://spatialreference.org/ref/epsg/4267/)
HTDP63360K031G07_1919,EPSG:4267 (http://spatialreference.org/ref/epsg/4267/)
HTDP63360K031G07_1927,EPSG:4267 (http://spatialreference.org/ref/epsg/4267/)
HTDP63360K031G07_1937_MB,EPSG:4267 (http://spatialreference.org/ref/epsg/4267/)
HTDP63360K031G07_1937,EPSG:4267 (http://spatialreference.org/ref/epsg/4267/)
HTDP63360K031G08_1909,EPSG:4267 (http://spatialreference.org/ref/epsg/4267/)
HTDP63360K031G08_1916,EPSG:4267 (http://spatialreference.org/ref/epsg/4267/)
HTDP63360K031G08_1923,EPSG:4267 (http://spatialreference.org/ref/epsg/4267/)
HTDP63360K031G08_1929,EPSG:4267 (http://spatialreference.org/ref/epsg/4267/)
HTDP63360K031G08_1933,EPSG:4267 (http://spatialreference.org/ref/epsg/4267/)
HTDP63360K031G08_1937,EPSG:4267 (http://spatialreference.org/ref/epsg/4267/)
HTDP63360K031G08_1940,EPSG:4267 (http://spatialreference.org/ref/epsg/4267/)
HTDP63360K031G08_1944_MB,EPSG:4267 (http://spatialreference.org/ref/epsg/4267/)
HTDP63360K031G08_1945_MB,EPSG:4267 (http://spatialreference.org/ref/epsg/4267/)
HTDP63360K031G08_1945,EPSG:4267 (http://spatialreference.org/ref/epsg/4267/)
HTDP63360K031G09_1910,EPSG:4267 (http://spatialreference.org/ref/epsg/4267/)
HTDP63360K031G09_1919,EPSG:4267 (http://spatialreference.org/ref/epsg/4267/)
HTDP63360K031G09_1929,EPSG:4267 (http://spatialreference.org/ref/epsg/4267/)
HTDP63360K031G09_1943_UTM,EPSG:4267 (http://spatialreference.org/ref/epsg/4267/)
HTDP63360K031G10_1909,EPSG:4267 (http://spatialreference.org/ref/epsg/4267/)
HTDP63360K031G10_1919,EPSG:4267 (http://spatialreference.org/ref/epsg/4267/)
HTDP63360K031G10_1926,EPSG:4267 (http://spatialreference.org/ref/epsg/4267/)
HTDP63360K031G10_1933_MB,EPSG:4267 (http://spatialreference.org/ref/epsg/4267/)
HTDP63360K031G11_1908,EPSG:4267 (http://spatialreference.org/ref/epsg/4267/)
HTDP63360K031G11_1915,EPSG:4267 (http://spatialreference.org/ref/epsg/4267/)
HTDP63360K031G11_1925,EPSG:4267 (http://spatialreference.org/ref/epsg/4267/)
HTDP63360K031G11_1933,EPSG:4267 (http://spatialreference.org/ref/epsg/4267/)
HTDP63360K031L01_1949,EPSG:4267 (http://spatialreference.org/ref/epsg/4267/)
HTDP63360K031L02_1949,EPSG:4267 (http://spatialreference.org/ref/epsg/4267/)
HTDP63360K031L06_1943_MB,EPSG:4267 (http://spatialreference.org/ref/epsg/4267/)
HTDP63360K031L08_1949,EPSG:4267 (http://spatialreference.org/ref/epsg/4267/)
HTDP63360K031N01_1951,EPSG:4267 (http://spatialreference.org/ref/epsg/4267/)
HTDP63360K031P04_1950,EPSG:4267 (http://spatialreference.org/ref/epsg/4267/)
HTDP63360K040G10-G15_1913,EPSG:4267 (http://spatialreference.org/ref/epsg/4267/)
HTDP63360K040G10-G15_1922,EPSG:4267 (http://spatialreference.org/ref/epsg/4267/)
HTDP63360K040G10-G15_1926,EPSG:4267 (http://spatialreference.org/ref/epsg/4267/)
HTDP63360K040I05_1910,EPSG:4267 (http://spatialreference.org/ref/epsg/4267/)
HTDP63360K040I05_1923,EPSG:4267 (http://spatialreference.org/ref/epsg/4267/)
HTDP63360K040I05_1941_MB,EPSG:4267 (http://spatialreference.org/ref/epsg/4267/)
HTDP63360K040I05_1941,EPSG:4267 (http://spatialreference.org/ref/epsg/4267/)
HTDP63360K040I09_1909,EPSG:4267 (http://spatialreference.org/ref/epsg/4267/)
HTDP63360K040I09_1922,EPSG:4267 (http://spatialreference.org/ref/epsg/4267/)
HTDP63360K040I09_1937,EPSG:4267 (http://spatialreference.org/ref/epsg/4267/)
HTDP63360K040I10_1909,EPSG:4267 (http://spatialreference.org/ref/epsg/4267/)
HTDP63360K040I10_1922,EPSG:4267 (http://spatialreference.org/ref/epsg/4267/)
HTDP63360K040I10_1930,EPSG:4267 (http://spatialreference.org/ref/epsg/4267/)
HTDP63360K040I10_1937_UTM,EPSG:4267 (http://spatialreference.org/ref/epsg/4267/)
HTDP63360K040I11_1910,EPSG:4267 (http://spatialreference.org/ref/epsg/4267/)
HTDP63360K040I11_1920,EPSG:4267 (http://spatialreference.org/ref/epsg/4267/)
HTDP63360K040I11_1930,EPSG:4267 (http://spatialreference.org/ref/epsg/4267/)
HTDP63360K040I11_1933,EPSG:4267 (http://spatialreference.org/ref/epsg/4267/)
HTDP63360K040I11_1938,EPSG:4267 (http://spatialreference.org/ref/epsg/4267/)
HTDP63360K040I11_1948,EPSG:4267 (http://spatialreference.org/ref/epsg/4267/)
HTDP63360K040I12_1910,EPSG:4267 (http://spatialreference.org/ref/epsg/4267/)
HTDP63360K040I12_1921,EPSG:4267 (http://spatialreference.org/ref/epsg/4267/)
HTDP63360K040I12_1931,EPSG:4267 (http://spatialreference.org/ref/epsg/4267/)
HTDP63360K040I12_1948,EPSG:4267 (http://spatialreference.org/ref/epsg/4267/)
HTDP63360K040I13_1911,EPSG:4267 (http://spatialreference.org/ref/epsg/4267/)
HTDP63360K040I13_1921,EPSG:4267 (http://spatialreference.org/ref/epsg/4267/)
HTDP63360K040I13_1930,EPSG:4267 (http://spatialreference.org/ref/epsg/4267/)
HTDP63360K040I13_1933_MB,EPSG:4267 (http://spatialreference.org/ref/epsg/4267/)
HTDP63360K040I13_1940_MB,EPSG:4267 (http://spatialreference.org/ref/epsg/4267/)
HTDP63360K040I13_1947_UTM,EPSG:4267 (http://spatialreference.org/ref/epsg/4267/)
HTDP63360K040I14_1913,EPSG:4267 (http://spatialreference.org/ref/epsg/4267/)
HTDP63360K040I14_1919,EPSG:4267 (http://spatialreference.org/ref/epsg/4267/)
HTDP63360K040I14_1924,EPSG:4267 (http://spatialreference.org/ref/epsg/4267/)
HTDP63360K040I14_1929,EPSG:4267 (http://spatialreference.org/ref/epsg/4267/)
HTDP63360K040I14_1934,EPSG:4267 (http://spatialreference.org/ref/epsg/4267/)
HTDP63360K040I14_1938,EPSG:4267 (http://spatialreference.org/ref/epsg/4267/)
HTDP63360K040I14_1941_MB,EPSG:4267 (http://spatialreference.org/ref/epsg/4267/)
HTDP63360K040I14_1948_UTM,EPSG:4267 (http://spatialreference.org/ref/epsg/4267/)
HTDP63360K040I15_1909,EPSG:4267 (http://spatialreference.org/ref/epsg/4267/)
HTDP63360K040I15_1922,EPSG:4267 (http://spatialreference.org/ref/epsg/4267/)
HTDP63360K040I15_1935,EPSG:4267 (http://spatialreference.org/ref/epsg/4267/)
HTDP63360K040I15_1939_UTM,EPSG:4267 (http://spatialreference.org/ref/epsg/4267/)
HTDP63360K040I15_1939,EPSG:4267 (http://spatialreference.org/ref/epsg/4267/)
HTDP63360K040I16_1909,EPSG:4267 (http://spatialreference.org/ref/epsg/4267/)
HTDP63360K040I16_1919,EPSG:4267 (http://spatialreference.org/ref/epsg/4267/)
HTDP63360K040I16_1925,EPSG:4267 (http://spatialreference.org/ref/epsg/4267/)
HTDP63360K040I16_1935,EPSG:4267 (http://spatialreference.org/ref/epsg/4267/)
HTDP63360K040I16_1939,EPSG:4267 (http://spatialreference.org/ref/epsg/4267/)
HTDP63360K040J01_1910,EPSG:4267 (http://spatialreference.org/ref/epsg/4267/)
HTDP63360K040J01_1924,EPSG:4267 (http://spatialreference.org/ref/epsg/4267/)
HTDP63360K040J01_1941,EPSG:4267 (http://spatialreference.org/ref/epsg/4267/)
HTDP63360K040J02_1913,EPSG:4267 (http://spatialreference.org/ref/epsg/4267/)
HTDP63360K040J02_1920,EPSG:4267 (http://spatialreference.org/ref/epsg/4267/)
HTDP63360K040J02_1930,EPSG:4267 (http://spatialreference.org/ref/epsg/4267/)
HTDP63360K040J02_1936,EPSG:4267 (http://spatialreference.org/ref/epsg/4267/)
HTDP63360K040J02_1940,EPSG:4267 (http://spatialreference.org/ref/epsg/4267/)
HTDP63360K040J03_1910,EPSG:4267 (http://spatialreference.org/ref/epsg/4267/)
HTDP63360K040J03_1924,EPSG:4267 (http://spatialreference.org/ref/epsg/4267/)
HTDP63360K040J03-J06_1939,EPSG:4267 (http://spatialreference.org/ref/epsg/4267/)
HTDP63360K040J06_1913,EPSG:4267 (http://spatialreference.org/ref/epsg/4267/)
HTDP63360K040J06_1923,EPSG:4267 (http://spatialreference.org/ref/epsg/4267/)
HTDP63360K040J07_1912,EPSG:4267 (http://spatialreference.org/ref/epsg/4267/)
HTDP63360K040J07_1920,EPSG:4267 (http://spatialreference.org/ref/epsg/4267/)
HTDP63360K040J07_1931,EPSG:4267 (http://spatialreference.org/ref/epsg/4267/)
HTDP63360K040J07_1940_MB,EPSG:4267 (http://spatialreference.org/ref/epsg/4267/)
HTDP63360K040J08_1913,EPSG:4267 (http://spatialreference.org/ref/epsg/4267/)
HTDP63360K040J08_1922,EPSG:4267 (http://spatialreference.org/ref/epsg/4267/)
HTDP63360K040J08_1934,EPSG:4267 (http://spatialreference.org/ref/epsg/4267/)
HTDP63360K040J08_1938,EPSG:4267 (http://spatialreference.org/ref/epsg/4267/)
HTDP63360K040J08_1940,EPSG:4267 (http://spatialreference.org/ref/epsg/4267/)
HTDP63360K040J09_1913,EPSG:4267 (http://spatialreference.org/ref/epsg/4267/)
HTDP63360K040J09_1924,EPSG:4267 (http://spatialreference.org/ref/epsg/4267/)
HTDP63360K040J09_1939_MB,EPSG:4267 (http://spatialreference.org/ref/epsg/4267/)
HTDP63360K040J09_1939_UTM,EPSG:4267 (http://spatialreference.org/ref/epsg/4267/)
HTDP63360K040J09_1939,EPSG:4267 (http://spatialreference.org/ref/epsg/4267/)
HTDP63360K040J10_1910,EPSG:4267 (http://spatialreference.org/ref/epsg/4267/)
HTDP63360K040J10_1924,EPSG:4267 (http://spatialreference.org/ref/epsg/4267/)
HTDP63360K040J16_1912,EPSG:4267 (http://spatialreference.org/ref/epsg/4267/)
HTDP63360K040J16_1922,EPSG:4267 (http://spatialreference.org/ref/epsg/4267/)
HTDP63360K040J16_1932,EPSG:4267 (http://spatialreference.org/ref/epsg/4267/)
HTDP63360K040J16_1936_UTM,EPSG:4267 (http://spatialreference.org/ref/epsg/4267/)
HTDP63360K040J16_1936,EPSG:4267 (http://spatialreference.org/ref/epsg/4267/)
HTDP63360K040O01_1911,EPSG:4267 (http://spatialreference.org/ref/epsg/4267/)
HTDP63360K040O01_1924,EPSG:4267 (http://spatialreference.org/ref/epsg/4267/)
HTDP63360K040O01_1928,EPSG:4267 (http://spatialreference.org/ref/epsg/4267/)
HTDP63360K040O01_1929_MB,EPSG:4267 (http://spatialreference.org/ref/epsg/4267/)
HTDP63360K040O01_1929,EPSG:4267 (http://spatialreference.org/ref/epsg/4267/)
HTDP63360K040P01_1916,EPSG:4267 (http://spatialreference.org/ref/epsg/4267/)
HTDP63360K040P01_1921,EPSG:4267 (http://spatialreference.org/ref/epsg/4267/)
HTDP63360K040P01_1928,EPSG:4267 (http://spatialreference.org/ref/epsg/4267/)
HTDP63360K040P01_1934,EPSG:4267 (http://spatialreference.org/ref/epsg/4267/)
HTDP63360K040P01_1940_UTM,EPSG:4267 (http://spatialreference.org/ref/epsg/4267/)
HTDP63360K040P01_1940,EPSG:4267 (http://spatialreference.org/ref/epsg/4267/)
HTDP63360K040P02_1914,EPSG:4267 (http://spatialreference.org/ref/epsg/4267/)
HTDP63360K040P02_1922,EPSG:4267 (http://spatialreference.org/ref/epsg/4267/)
HTDP63360K040P02_1935,EPSG:4267 (http://spatialreference.org/ref/epsg/4267/)
HTDP63360K040P02_1938_UTM,EPSG:4267 (http://spatialreference.org/ref/epsg/4267/)
HTDP63360K040P02_1938,EPSG:4267 (http://spatialreference.org/ref/epsg/4267/)
HTDP63360K040P03_1915,EPSG:4267 (http://spatialreference.org/ref/epsg/4267/)
HTDP63360K040P03_1923,EPSG:4267 (http://spatialreference.org/ref/epsg/4267/)
HTDP63360K040P03_1928,EPSG:4267 (http://spatialreference.org/ref/epsg/4267/)
HTDP63360K040P03_1930,EPSG:4267 (http://spatialreference.org/ref/epsg/4267/)
HTDP63360K040P03_1936,EPSG:4267 (http://spatialreference.org/ref/epsg/4267/)
HTDP63360K040P04_1914,EPSG:4267 (http://spatialreference.org/ref/epsg/4267/)
HTDP63360K040P04_1924,EPSG:4267 (http://spatialreference.org/ref/epsg/4267/)
HTDP63360K040P04_1928,EPSG:4267 (http://spatialreference.org/ref/epsg/4267/)
HTDP63360K040P04_1936,EPSG:4267 (http://spatialreference.org/ref/epsg/4267/)
HTDP63360K040P04_1940_MB,EPSG:4267 (http://spatialreference.org/ref/epsg/4267/)
HTDP63360K040P04_1947_UTM,EPSG:4267 (http://spatialreference.org/ref/epsg/4267/)
HTDP63360K040P05_1927_MB,EPSG:4267 (http://spatialreference.org/ref/epsg/4267/)
HTDP63360K040P05_1938,EPSG:4267 (http://spatialreference.org/ref/epsg/4267/)
HTDP63360K040P06_1927,EPSG:4267 (http://spatialreference.org/ref/epsg/4267/)
HTDP63360K040P06_1934,EPSG:4267 (http://spatialreference.org/ref/epsg/4267/)
HTDP63360K040P06_1940_MB,EPSG:4267 (http://spatialreference.org/ref/epsg/4267/)
HTDP63360K040P06_1940_UTM,EPSG:4267 (http://spatialreference.org/ref/epsg/4267/)
HTDP63360K040P07_1927,EPSG:4267 (http://spatialreference.org/ref/epsg/4267/)
HTDP63360K040P07_1933,EPSG:4267 (http://spatialreference.org/ref/epsg/4267/)
HTDP63360K040P07_1938_UTM,EPSG:4267 (http://spatialreference.org/ref/epsg/4267/)
HTDP63360K040P07_1938,EPSG:4267 (http://spatialreference.org/ref/epsg/4267/)
HTDP63360K040P08_1916,EPSG:4267 (http://spatialreference.org/ref/epsg/4267/)
HTDP63360K040P08_1923,EPSG:4267 (http://spatialreference.org/ref/epsg/4267/)
HTDP63360K040P08_1929,EPSG:4267 (http://spatialreference.org/ref/epsg/4267/)
HTDP63360K040P08_1936,EPSG:4267 (http://spatialreference.org/ref/epsg/4267/)
HTDP63360K040P08_1938_MB,EPSG:4267 (http://spatialreference.org/ref/epsg/4267/)
HTDP63360K040P09_1935,EPSG:4267 (http://spatialreference.org/ref/epsg/4267/)
HTDP63360K040P09_1939_MB,EPSG:4267 (http://spatialreference.org/ref/epsg/4267/)
HTDP63360K040P09_1939_UTM,EPSG:4267 (http://spatialreference.org/ref/epsg/4267/)
HTDP63360K040P10_1936,EPSG:4267 (http://spatialreference.org/ref/epsg/4267/)
HTDP63360K040P10_1939_UTM,EPSG:4267 (http://spatialreference.org/ref/epsg/4267/)
HTDP63360K040P10_1939,EPSG:4267 (http://spatialreference.org/ref/epsg/4267/)
HTDP63360K040P11_1937,EPSG:4267 (http://spatialreference.org/ref/epsg/4267/)
HTDP63360K040P12_1937,EPSG:4267 (http://spatialreference.org/ref/epsg/4267/)
HTDP63360K040P12_1941_MB,EPSG:4267 (http://spatialreference.org/ref/epsg/4267/)
HTDP63360K040P13_1937_MB,EPSG:4267 (http://spatialreference.org/ref/epsg/4267/)
HTDP63360K040P13_1937,EPSG:4267 (http://spatialreference.org/ref/epsg/4267/)
HTDP63360K040P14_1937,EPSG:4267 (http://spatialreference.org/ref/epsg/4267/)
HTDP63360K040P15_1937,EPSG:4267 (http://spatialreference.org/ref/epsg/4267/)
HTDP63360K040P16_1937,EPSG:4267 (http://spatialreference.org/ref/epsg/4267/)
HTDP63360K041A01_1941,EPSG:4267 (http://spatialreference.org/ref/epsg/4267/)
HTDP63360K041A02_1945_MB,EPSG:4267 (http://spatialreference.org/ref/epsg/4267/)
HTDP63360K041A02_1945,EPSG:4267 (http://spatialreference.org/ref/epsg/4267/)
HTDP63360K041A03_1946,EPSG:4267 (http://spatialreference.org/ref/epsg/4267/)
HTDP63360K041A04_1946_MB,EPSG:4267 (http://spatialreference.org/ref/epsg/4267/)
HTDP63360K041A04_1946,EPSG:4267 (http://spatialreference.org/ref/epsg/4267/)
HTDP63360K041A05-A06_1946_MB,EPSG:4267 (http://spatialreference.org/ref/epsg/4267/)
HTDP63360K041A05-A06_1946,EPSG:4267 (http://spatialreference.org/ref/epsg/4267/)
HTDP63360K041A07_1945,EPSG:4267 (http://spatialreference.org/ref/epsg/4267/)
HTDP63360K041A08_1941_MB,EPSG:4267 (http://spatialreference.org/ref/epsg/4267/)
HTDP63360K041A08_1941,EPSG:4267 (http://spatialreference.org/ref/epsg/4267/)
HTDP63360K041A09_1945_MB,EPSG:4267 (http://spatialreference.org/ref/epsg/4267/)
HTDP63360K041A09_1945,EPSG:4267 (http://spatialreference.org/ref/epsg/4267/)
HTDP63360K041A10_1945_UTM,EPSG:4267 (http://spatialreference.org/ref/epsg/4267/)
HTDP63360K041A10_1945,EPSG:4267 (http://spatialreference.org/ref/epsg/4267/)
HTDP63360K041A11_1945,EPSG:4267 (http://spatialreference.org/ref/epsg/4267/)
HTDP63360K041A14_1946_MB,EPSG:4267 (http://spatialreference.org/ref/epsg/4267/)
HTDP63360K041A14_1946,EPSG:4267 (http://spatialreference.org/ref/epsg/4267/)
HTDP63360K041G10_1951,EPSG:4267 (http://spatialreference.org/ref/epsg/4267/)
HTDP63360K041G14_1951,EPSG:4267 (http://spatialreference.org/ref/epsg/4267/)
HTDP63360K041G15_1951,EPSG:4267 (http://spatialreference.org/ref/epsg/4267/)
HTDP63360K041H03-H04_1946,EPSG:4267 (http://spatialreference.org/ref/epsg/4267/)
HTDP63360K041H12_1951,EPSG:4267 (http://spatialreference.org/ref/epsg/4267/)
HTDP63360K041H13_1951,EPSG:4267 (http://spatialreference.org/ref/epsg/4267/)
HTDP63360K041H15_1930,EPSG:4267 (http://spatialreference.org/ref/epsg/4267/)
HTDP63360K041I02_1930,EPSG:4267 (http://spatialreference.org/ref/epsg/4267/)
HTDP63360K041I06-I07-I10-I11_1938,EPSG:4267 (http://spatialreference.org/ref/epsg/4267/)
HTDP63360K041K09_1939_MB,EPSG:4267 (http://spatialreference.org/ref/epsg/4267/)
HTDP63360K041K09_1939,EPSG:4267 (http://spatialreference.org/ref/epsg/4267/)
HTDP63360K052L06_1950,EPSG:4267 (http://spatialreference.org/ref/epsg/4267/)
HTDP63360K052L11_1950,EPSG:4267 (http://spatialreference.org/ref/epsg/4267/)
HTDP63360K052L14_1951,EPSG:4267 (http://spatialreference.org/ref/epsg/4267/)
HTDP63360K052M03_1951,EPSG:4267 (http://spatialreference.org/ref/epsg/4267/)
