pagetitle,pageviews,users
34,"[u'World War, 1914-1918, Maps and Aerial Photographs | Digital Archive @ McMaster University Library', u'4598', u'1299']"
49,"[u'Trench Maps, Western Front (Original Collection) | Digital Archive @ McMaster University Library', u'1246', u'519']"
53,"[u'Aerial Photographs | Digital Archive @ McMaster University Library', u'1708', u'555']"
3918,"[u'[Arras] 51b.NW | Digital Archive @ McMaster University Library', u'5', u'3']"
3919,"[u'Situation Map 1: Railways & Ammuniton Dumps 1-10-18 | Digital Archive @ McMaster University Library', u'69', u'56']"
3920,"[u'[Walincourt] 57b.SW, Enemy Organisation 21-09-18 | Digital Archive @ McMaster University Library', u'11', u'8']"
3921,"[u'[Chartres-Paris] 9 | Digital Archive @ McMaster University Library', u'10', u'10']"
3922,"[u'Kurija Dere (Koja Dere) | Digital Archive @ McMaster University Library', u'26', u'24']"
3923,"[u'Antwerp 3 | Digital Archive @ McMaster University Library', u'21', u'12']"
3924,"[u'Pronville [57c.NE.1] | Digital Archive @ McMaster University Library', u'13', u'11']"
3925,"[u'[Corbie] 62d | Digital Archive @ McMaster University Library', u'17', u'12']"
3926,"[u'[Namur] 5 | Digital Archive @ McMaster University Library', u'10', u'6']"
3927,"[u'[Liege] 2 | Digital Archive @ McMaster University Library', u'39', u'20']"
3928,"[u'[Courtrai] 29 | Digital Archive @ McMaster University Library', u'7', u'5']"
3929,"[u'[Albert] 57d.SE, ""B"" Series | Digital Archive @ McMaster University Library', u'26', u'18']"
3930,"[u'Third Army Weekly Trench Map (Sunday): Cherisy Parts of 51b.SW.2 and 4 | Digital Archive @ McMaster University Library', u'9', u'9']"
3931,"[u'[Beaucamp 57c.SE.2] | Digital Archive @ McMaster University Library', u'3', u'3']"
3932,"[u'[Queant] 57c.NE, Enemy Organisation 20-8-18 | Digital Archive @ McMaster University Library', u'13', u'9']"
3933,"[u'[Arras] 51b | Digital Archive @ McMaster University Library', u'9', u'7']"
3934,"[u'Sinai Peninsula, Suez | Digital Archive @ McMaster University Library', u'16', u'12']"
3935,"[u'[Aire] 36a | Digital Archive @ McMaster University Library', u'11', u'11']"
3936,"[u'[St. Amand-les Eaux] 44: Enemy Organisation 15-10-18 | Digital Archive @ McMaster University Library', u'10', u'7']"
3937,"[u'Namur 8 | Digital Archive @ McMaster University Library', u'25', u'9']"
3938,"[u'[Valenciennes] 51a, Enemy Rear Organisation 24-9-18 | Digital Archive @ McMaster University Library', u'7', u'6']"
3939,"[u'[Valenciennes] 51a | Digital Archive @ McMaster University Library', u'11', u'9']"
3940,"[u'[Armentieres] 36.NW | Digital Archive @ McMaster University Library', u'30', u'24']"
3941,"[u'[Ypres] 28 | Digital Archive @ McMaster University Library', u'30', u'25']"
3942,"[u'[Cambrai] 57b Enemy Rear Organisation 25-9-18 | Digital Archive @ McMaster University Library', u'14', u'12']"
3943,"[u'[Givenchy 36c.SW.1] | Digital Archive @ McMaster University Library', u'18', u'18']"
3944,"[u'[Cagnicourt] 51b.SE | Digital Archive @ McMaster University Library', u'13', u'9']"
3945,"[u'Amiens 17 | Digital Archive @ McMaster University Library', u'67', u'46']"
3946,"[u'Loos 36c.NW.3 | Digital Archive @ McMaster University Library', u'8', u'6']"
3947,"[u'[Beaumont Hamel] 57d.SE. 1 & 2 (parts of) | Digital Archive @ McMaster University Library', u'30', u'20']"
3948,"[u'[Albert] 57d.SE | Digital Archive @ McMaster University Library', u'17', u'15']"
3949,"[u'[Havrincourt] Parts of 57c[NE3 and SE1] | Digital Archive @ McMaster University Library', u'44', u'43']"
3950,"[u'Dieppe 16 | Digital Archive @ McMaster University Library', u'4', u'3']"
3951,"[u'Loos 36c.NW.3 | Digital Archive @ McMaster University Library', u'15', u'12']"
3952,"[u'[Albert] 57d.SE | Digital Archive @ McMaster University Library', u'11', u'10']"
3953,"[u'Situation Map 5B: Railways & Ammunition Dumps 11-10-18 | Digital Archive @ McMaster University Library', u'30', u'26']"
3954,"[u'[Harbonnieres] 62d.SE | Digital Archive @ McMaster University Library', u'9', u'9']"
3955,"[u'[Gaza: Fusilier, Samson and Hereford Ridges October 1917] | Digital Archive @ McMaster University Library', u'17', u'16']"
3956,"[u'Soissons 22 | Digital Archive @ McMaster University Library', u'45', u'22']"
3957,"[u'Bailleul, Plan Directeur | Digital Archive @ McMaster University Library', u'30', u'29']"
3958,"[u'Roisel 62c.NE.4 | Digital Archive @ McMaster University Library', u'7', u'5']"
3959,"['No Results Found', 0, 0]"
3960,"[u'Atawineh: Secret | Digital Archive @ McMaster University Library', u'30', u'22']"
3961,"[u'[Miraumont 57d.NE] | Digital Archive @ McMaster University Library', u'3', u'3']"
3962,"[u'Amiens 17 | Digital Archive @ McMaster University Library', u'25', u'22']"
3963,"[u'[Coblentz] 6 | Digital Archive @ McMaster University Library', u'7', u'3']"
3964,"[u'Brussels 6 | Digital Archive @ McMaster University Library', u'18', u'14']"
3965,"[u'[Miraumont 57d.NE] | Digital Archive @ McMaster University Library', u'7', u'6']"
3966,"[u'Gaza--Shellal: Secret | Digital Archive @ McMaster University Library', u'19', u'14']"
3967,"[u'Beauvais 21 | Digital Archive @ McMaster University Library', u'7', u'6']"
3968,"[u'[Amiens] 62e | Digital Archive @ McMaster University Library', u'25', u'14']"
3969,"[u'[Lens] 36c.SW | Digital Archive @ McMaster University Library', u'1', u'1']"
3970,"[u'[Arras] 51b Enemy Organizations 25-8-18 | Digital Archive @ McMaster University Library', u'31', u'28']"
3971,"[u'[Bertincourt] 57c.SE Enemy Organisation 21-8-18 | Digital Archive @ McMaster University Library', u'17', u'9']"
3972,"[u'Bethune [Battle of Neuve Chapelle] | Digital Archive @ McMaster University Library', u'28', u'26']"
3973,"[u'Third Army Weekly Trench Map (Sunday): Cherisy Parts of 51b.SW.2 and 4 | Digital Archive @ McMaster University Library', u'12', u'10']"
3974,"[u'First Army Area: Distribution of German Forces 01-08-16 | Digital Archive @ McMaster University Library', u'34', u'25']"
3975,"[u'[Peronne] 62c | Digital Archive @ McMaster University Library', u'7', u'7']"
3976,"[u'[Albert] 57d | Digital Archive @ McMaster University Library', u'14', u'10']"
3977,"[u'Vimy 36c.SW.3 | Digital Archive @ McMaster University Library', u'35', u'29']"
3978,"[u'[Combles] 57c.SW | Digital Archive @ McMaster University Library', u'7', u'3']"
3979,"[u'Meteren [27.SE.4] | Digital Archive @ McMaster University Library', u'12', u'10']"
3980,"[u'Fejja: Secret | Digital Archive @ McMaster University Library', u'11', u'7']"
3981,"[u'Arras 51b.NW.3 | Digital Archive @ McMaster University Library', u'10', u'9']"
3982,"[u'[Strasbourg] 12 | Digital Archive @ McMaster University Library', u'18', u'13']"
3983,"[u'[Albert] 57d Secret | Digital Archive @ McMaster University Library', u'15', u'14']"
3984,"[u'[Cambrai] 57b.NW Enemy Organisation 29-8-18 | Digital Archive @ McMaster University Library', u'15', u'11']"
3985,"[u'[Dunkerque] 1A | Digital Archive @ McMaster University Library', u'13', u'8']"
3986,"[u'[Anzin] 44.SE, Enemy Organisation 15-10-18 | Digital Archive @ McMaster University Library', u'9', u'9']"
3987,"[u'[Roulers] 20.SE | Digital Archive @ McMaster University Library', u'5', u'5']"
3988,"[u'[Peronne] 62c.NW | Digital Archive @ McMaster University Library', u'26', u'13']"
3989,"[u'Krithia | Digital Archive @ McMaster University Library', u'16', u'14']"
3990,"[u'[Valenciennes] 51a, Enemy Rear Organisation 24-9-18 | Digital Archive @ McMaster University Library', u'13', u'11']"
3991,"[u'[Arras] 51b.NW | Digital Archive @ McMaster University Library', u'7', u'5']"
3992,"[u'[Ostende-Brussels-Lille] 1 | Digital Archive @ McMaster University Library', u'7', u'5']"
3993,"[u'[Lens] 36c.SW | Digital Archive @ McMaster University Library', u'7', u'5']"
3994,"[u'[Walincourt] 57b.SW | Digital Archive @ McMaster University Library', u'7', u'6']"
3995,"[u'[Remigny] 66c.SW.1 | Digital Archive @ McMaster University Library', u'1', u'1']"
3996,"[u'[Gouzeaucourt--Moislains] 57c.SE.2 | Digital Archive @ McMaster University Library', u'8', u'6']"
3997,"[u'[Zerkiyeh Crossing, Birket Ramadan] | Digital Archive @ McMaster University Library', u'8', u'7']"
3998,"[u'Hostile Battery Positions 28-9-18 [51b.NE] | Digital Archive @ McMaster University Library', u'36', u'34']"
3999,"['No Results Found', 0, 0]"
4000,"[u'Ramleh: Secret | Digital Archive @ McMaster University Library', u'24', u'16']"
4001,"[u'[Queant] 57c.NE | Digital Archive @ McMaster University Library', u'8', u'1']"
4002,"[u'Ismailia | Digital Archive @ McMaster University Library', u'14', u'10']"
4003,"[u'Chilly Sheets 62d.SE., 62c.SW., 66e.NE., & 66d.NW. (parts of) | Digital Archive @ McMaster University Library', u'14', u'13']"
4004,"[u'Valenciennes 12 | Digital Archive @ McMaster University Library', u'37', u'34']"
4005,"[u'Longeuval 57c.SW.3 | Digital Archive @ McMaster University Library', u'4', u'4']"
4006,"[u'Situation Map 2A: Railways & Ammunition Dumps 11-10-18 | Digital Archive @ McMaster University Library', u'38', u'29']"
4007,"[u'Hazebrouck 5A | Digital Archive @ McMaster University Library', u'14', u'11']"
4008,"[u'Tilques Area: Areas and Training Facilities | Digital Archive @ McMaster University Library', u'30', u'12']"
4009,"[u'Western Front [March 20, 1918] | Digital Archive @ McMaster University Library', u'22', u'21']"
4010,"[u'[Courtrai] 29 | Digital Archive @ McMaster University Library', u'10', u'8']"
4011,"[u'Lens Canal: Positions Map 19-1-18 | Digital Archive @ McMaster University Library', u'26', u'17']"
4012,"[u'[Aubers] 36.SW | Digital Archive @ McMaster University Library', u'16', u'12']"
4013,"[u'[Beaurains] 51b.SW | Digital Archive @ McMaster University Library', u'5', u'5']"
4014,"[u'Abbeville 11 | Digital Archive @ McMaster University Library', u'29', u'26']"
4015,"[u'[Beaufort] 51c | Digital Archive @ McMaster University Library', u'2', u'2']"
4016,"[u'Army Area Map No. 6 Secret | Digital Archive @ McMaster University Library', u'30', u'28']"
4017,"[u'[Namur] 5 | Digital Archive @ McMaster University Library', u'10', u'5']"
4018,"[u'Stellungskarte Nr. 7, Stand Vom 24.6.18 | Digital Archive @ McMaster University Library', u'90', u'73']"
4019,"[u'[Coln] 2L | Digital Archive @ McMaster University Library', u'26', u'12']"
4020,"[u'Lens 11 | Digital Archive @ McMaster University Library', u'74', u'52']"
4021,"[u'Third Army Forward Traffic Map | Digital Archive @ McMaster University Library', u'19', u'15']"
4022,"[u'Arras 51b.NW.3 | Digital Archive @ McMaster University Library', u'7', u'5']"
4023,"[u'[Chaulnes] 66d.NW | Digital Archive @ McMaster University Library', u'14', u'8']"
4024,"[u'Situation Map 4B: Railways & Ammunition Dumps 11-10-18 | Digital Archive @ McMaster University Library', u'32', u'26']"
4025,"[u'Sea of Marmara, Gulf of Ismid | Digital Archive @ McMaster University Library', u'10', u'9']"
4026,"[u'Probable Enemy Order of Battle 31-10-18 (Part Sheet 29) | Digital Archive @ McMaster University Library', u'13', u'13']"
4027,"[u'[Peronne] 62c.NW, ""B"" Series | Digital Archive @ McMaster University Library', u'10', u'9']"
4028,"[u'[Caix] 66e.NE | Digital Archive @ McMaster University Library', u'3', u'2']"
4029,"[u'Recques, Polincove and Tournehem: Areas and Training Facilities | Digital Archive @ McMaster University Library', u'9', u'8']"
4030,"[u'[Paris-Chalons] 10 | Digital Archive @ McMaster University Library', u'9', u'8']"
4031,"[u'Situation Map 4A: Railways & Ammuniton Dumps 14-9-18 | Digital Archive @ McMaster University Library', u'31', u'27']"
4032,"[u'[Lens] Positions Map | Digital Archive @ McMaster University Library', u'36', u'31']"
4033,"[u'Baghdad | Digital Archive @ McMaster University Library', u'13', u'13']"
4034,"[u'[Albert] 57d.SE Enemy Organisation 22-5-18 | Digital Archive @ McMaster University Library', u'22', u'20']"
4035,"[u'Arras 51b.NW.3 | Digital Archive @ McMaster University Library', u'8', u'7']"
4036,"[u'Ovillers [Albert] 57d.SE.4 | Digital Archive @ McMaster University Library', u'8', u'6']"
4037,"[u'Dunkerque 1A | Digital Archive @ McMaster University Library', u'20', u'15']"
4038,"[u'Montauban, Part Sheets 57d.SE, 57c.SW, 62d.NE & 62c.NW | Digital Archive @ McMaster University Library', u'29', u'24']"
4039,"[u'[Longavesnes] 62c.NE | Digital Archive @ McMaster University Library', u'1', u'1']"
4040,"[u'Armentieres 36.NW.2 | Digital Archive @ McMaster University Library', u'18', u'12']"
4041,"[u'[Valenciennes] 51a | Digital Archive @ McMaster University Library', u'19', u'14']"
4042,"[u'Jerusalem: Secret | Digital Archive @ McMaster University Library', u'41', u'17']"
4043,"[u'Palestine Exploration Fund Map | Digital Archive @ McMaster University Library', u'42', u'30']"
4044,"[u'[Corbie] 62d | Digital Archive @ McMaster University Library', u'5', u'5']"
4045,"[u'[Battle of Cambrai and Canal du Nord, 1918] Parts of 51b.SE. & 57c.NE. | Digital Archive @ McMaster University Library', u'10', u'10']"
4046,"[u'[Fresnicourt] 36b.SE | Digital Archive @ McMaster University Library', u'7', u'5']"
4047,"[u'Gaza--Shellal | Digital Archive @ McMaster University Library', u'60', u'33']"
4048,"[u'[Beaurains] 51b.SW | Digital Archive @ McMaster University Library', u'3', u'3']"
4049,"[u'Abbeville 14 | Digital Archive @ McMaster University Library', u'26', u'15']"
4050,"[u'East Africa Protectorate, Kericho | Digital Archive @ McMaster University Library', u'5', u'5']"
4051,"[u'Tournai 37 | Digital Archive @ McMaster University Library', u'7', u'6']"
4052,"[u'Poperinghe-Ypres 28.NW, ""B"" Series | Digital Archive @ McMaster University Library', u'25', u'22']"
4053,"[u'Nuzle: Secret | Digital Archive @ McMaster University Library', u'15', u'12']"
4054,"[u'[Bethune] 36b | Digital Archive @ McMaster University Library', u'4', u'3']"
4055,"[u'Ghent 2 | Digital Archive @ McMaster University Library', u'7', u'5']"
4056,"[u'[Nivelles] 39 | Digital Archive @ McMaster University Library', u'6', u'4']"
4057,"[u'Sartori | Digital Archive @ McMaster University Library', u'26', u'21']"
4058,"[u'[Hautmont] 51 | Digital Archive @ McMaster University Library', u'7', u'3']"
4059,"[u'[Combles] 57c.SW | Digital Archive @ McMaster University Library', u'2', u'2']"
4060,"[u'[Peronne] 62c | Digital Archive @ McMaster University Library', u'7', u'4']"
4061,"[u'[Bertincourt] 57c.SE | Digital Archive @ McMaster University Library', u'9', u'5']"
4062,"[u'Liege 7 | Digital Archive @ McMaster University Library', u'19', u'13']"
4063,"[u'[Gommecourt] 57d.NE Enemy Organisation 17-5-18 | Digital Archive @ McMaster University Library', u'21', u'16']"
4064,"[u'Sketch of Enemy Trenches South of Doiran | Digital Archive @ McMaster University Library', u'80', u'48']"
4065,"[u'[Battle of Cambrai, 1918] SECRET | Digital Archive @ McMaster University Library', u'15', u'13']"
4066,"[u'Bullecourt 51b.SW.4 | Digital Archive @ McMaster University Library', u'16', u'11']"
4067,"[u'[Arras] 51b | Digital Archive @ McMaster University Library', u'5', u'4']"
4068,"[u'Ghent 2 | Digital Archive @ McMaster University Library', u'38', u'27']"
4069,"[u'[Bapaume] 57c.NW | Digital Archive @ McMaster University Library', u'7', u'7']"
4070,"['No Results Found', 0, 0]"
4071,"[u'[Bapaume] 57c.NW Enemy Organisation 19-8-18 | Digital Archive @ McMaster University Library', u'18', u'13']"
4072,"[u'Moorseele-Nord 1:10,000 | Digital Archive @ McMaster University Library', u'52', u'44']"
4073,"[u'Gaza-Atawineh: Secret | Digital Archive @ McMaster University Library', u'16', u'11']"
4074,"[u'Wiancourt, Parts of 57c.SE, 57b.SW, 62c.NE and 62b.NW | Digital Archive @ McMaster University Library', u'22', u'14']"
4075,"[u'Renaix [29] | Digital Archive @ McMaster University Library', u'60', u'53']"
4076,"[u'Lievin [36c.SW.1] | Digital Archive @ McMaster University Library', u'9', u'8']"
4077,"[u'[Bertincourt] 57c.SE | Digital Archive @ McMaster University Library', u'2', u'1']"
4078,"[u'Moeuvres [Bourlon] Special Sheet: Parts of 57c N.W., N.E., S.W. & S.E. | Digital Archive @ McMaster University Library', u'11', u'8']"
4079,"[u'[Bapaume] 57c | Digital Archive @ McMaster University Library', u'10', u'8']"
4080,"[u'Map of European Russia Showing Railways; Waterways | Digital Archive @ McMaster University Library', u'36', u'32']"
4081,"[u'[Loos] 36c.NW | Digital Archive @ McMaster University Library', u'4', u'3']"
4082,"[u'Roclincourt 51b.NW.1 | Digital Archive @ McMaster University Library', u'23', u'15']"
4083,"[u'Artl. Ziel-Karte der Gruppe Cambrai | Digital Archive @ McMaster University Library', u'79', u'64']"
4084,"[u'[Lille] 36 | Digital Archive @ McMaster University Library', u'27', u'15']"
4085,"[u'Vis-en-Artois 51b.SW.2 | Digital Archive @ McMaster University Library', u'8', u'4']"
4086,"[u'[Bapaume] 57c.NW | Digital Archive @ McMaster University Library', u'3', u'3']"
4087,"[u'Tripoli | Digital Archive @ McMaster University Library', u'4', u'4']"
4088,"[u'[Army Training Area] Sketch Map Recques Area, Part of Sheet 27a | Digital Archive @ McMaster University Library', u'18', u'18']"
4089,"[u'Eperlecques: Areas & Training Facilities, 27a.NE (eastern half) | Digital Archive @ McMaster University Library', u'16', u'13']"
4090,"[u'Dompierre [Becquincourt] 62c.SW.1 | Digital Archive @ McMaster University Library', u'3', u'3']"
4091,"[u'[Fonquevillers] 57d.NE.1&2 (parts of) | Digital Archive @ McMaster University Library', u'2', u'2']"
4092,"[u'Mouth of the Struma River | Digital Archive @ McMaster University Library', u'40', u'34']"
4093,"[u'[Berchem] 29.SE.1 | Digital Archive @ McMaster University Library', u'1', u'1']"
4094,"[u'[Peruwelz] 44.NE | Digital Archive @ McMaster University Library', u'1', u'1']"
4095,"[u'[Cambrai] 57b | Digital Archive @ McMaster University Library', u'12', u'8']"
4096,"[u'Army Area Map No. 14: Enemy Order of Battle 11-11-1918, Situation Map No.25 | Digital Archive @ McMaster University Library', u'28', u'24']"
4097,"[u'[Poperinghe] 27 | Digital Archive @ McMaster University Library', u'7', u'6']"
4098,"[u'[Peronne] 62c | Digital Archive @ McMaster University Library', u'21', u'12']"
4099,"[u'[Arques] 27.SW | Digital Archive @ McMaster University Library', u'16', u'8']"
4100,"[u'[Northern Italy] 1914 | Digital Archive @ McMaster University Library', u'55', u'33']"
4101,"[u'German Order of Battle: Western Front 03-01-18 | Digital Archive @ McMaster University Library', u'29', u'21']"
4102,"[u'[Habarcq] 51c.NE | Digital Archive @ McMaster University Library', u'2', u'2']"
4103,"[u'Hattencourt 62d.SE., 62c.SW., 66e.NE., 66d.NW., 66e.SE. & 66d.SW. (parts of) | Digital Archive @ McMaster University Library', u'20', u'14']"
4104,"[u'[Albert] 57d.SE | Digital Archive @ McMaster University Library', u'13', u'12']"
4105,"[u'[Montdidier] 66e | Digital Archive @ McMaster University Library', u'11', u'8']"
4106,"[u'[Arras] 51b.NW | Digital Archive @ McMaster University Library', u'14', u'8']"
4107,"[u'Labis Fm [36a.NE.2] | Digital Archive @ McMaster University Library', u'10', u'8']"
4108,"[u'Calais 13 | Digital Archive @ McMaster University Library', u'14', u'12']"
4109,"[u'[Dieppe] 3 | Digital Archive @ McMaster University Library', u'26', u'17']"
4110,"[u'[Swartenbrouch 36a.NE] | Digital Archive @ McMaster University Library', u'1', u'1']"
4111,"[u'Anafarta Sagir | Digital Archive @ McMaster University Library', u'28', u'25']"
4112,"[u'[Bethune] 36b | Digital Archive @ McMaster University Library', u'8', u'6']"
4113,"['No Results Found', 0, 0]"
4114,"[u'Namur 8 | Digital Archive @ McMaster University Library', u'2', u'2']"
4115,"[u'St. Emilie 57c.SE, 57b.SW, 62c.NE and 62b.NW (parts of) | Digital Archive @ McMaster University Library', u'17', u'10']"
4116,"[u'Beuvry [Bethune] 36b.NE.2 | Digital Archive @ McMaster University Library', u'26', u'13']"
4117,"[u'[Mametz] 62d.NE, ""B"" Series | Digital Archive @ McMaster University Library', u'21', u'15']"
4118,"[u'[Mametz] 62d.NE | Digital Archive @ McMaster University Library', u'11', u'8']"
4119,"[u'[Poperinghe] 27 | Digital Archive @ McMaster University Library', u'3', u'3']"
4120,"[u'Map of the Peninsula of Gallipoli and the Asiatic Shore of the Dardanelles | Digital Archive @ McMaster University Library', u'43', u'40']"
4121,"[u'Third Army Traffic Map, Lens | Digital Archive @ McMaster University Library', u'5', u'5']"
4122,"[u'[Beaumont] 52 | Digital Archive @ McMaster University Library', u'5', u'4']"
4123,"[u'Longeuval 57c.SW.3 | Digital Archive @ McMaster University Library', u'5', u'5']"
4124,"[u'St. Pierre Divion [57d.SE.2] | Digital Archive @ McMaster University Library', u'8', u'7']"
4125,"[u'Dojran [Doiran] | Digital Archive @ McMaster University Library', u'36', u'30']"
4126,"['No Results Found', 0, 0]"
4127,"[u'Hendecourt: Special Sheet (Parts of) 51b.SW, SE, 57c.NW, NE | Digital Archive @ McMaster University Library', u'18', u'13']"
4128,"[u'[Combles] 57c.SW Enemy Organisation 23-7-18 | Digital Archive @ McMaster University Library', u'9', u'9']"
4129,"[u'[Tournai] 37 | Digital Archive @ McMaster University Library', u'6', u'5']"
4130,"[u'Sea of Marmara, Approach to the Bosporus | Digital Archive @ McMaster University Library', u'15', u'14']"
4131,"[u'Communications Between German Bridge and Central Railway | Digital Archive @ McMaster University Library', u'15', u'15']"
4132,"[u'[Wytschaete 28.SW] | Digital Archive @ McMaster University Library', u'23', u'19']"
4133,"[u'[Beaumont] 52 | Digital Archive @ McMaster University Library', u'13', u'10']"
4134,"[u'Aire [Combined Sheets: 36., 36a., 36b. & 36c.] | Digital Archive @ McMaster University Library', u'26', u'18']"
4135,"[u'Lys Valley | Digital Archive @ McMaster University Library', u'14', u'13']"
4136,"[u'Hazebrouck 5A | Digital Archive @ McMaster University Library', u'12', u'12']"
4137,"[u'[Bellicourt] 62b.NW & SW (parts of) | Digital Archive @ McMaster University Library', u'14', u'5']"
4138,"[u'[Ypres] 28 | Digital Archive @ McMaster University Library', u'19', u'15']"
4139,"[u'Maroeuil, [Plan of] Camp | Digital Archive @ McMaster University Library', u'27', u'24']"
4140,"[u'Army of the Rhine: Map Shewing Areas and Boundaries 1-4-19 | Digital Archive @ McMaster University Library', u'17', u'15']"
4141,"[u'Salonika [Map of Hospital Locations] | Digital Archive @ McMaster University Library', u'326', u'228']"
4142,"[u'[Gommecourt] 57d.NE | Digital Archive @ McMaster University Library', u'11', u'9']"
4143,"[u'[La Motte 36a.NE.] | Digital Archive @ McMaster University Library', u'6', u'5']"
4144,"[u'[Longavesnes] 62c.NE | Digital Archive @ McMaster University Library', u'5', u'4']"
4145,"[u'[Beaufort] 51c | Digital Archive @ McMaster University Library', u'2', u'2']"
4146,"[u'[Hendecourt] 51c.SE, ""B"" Series | Digital Archive @ McMaster University Library', u'3', u'3']"
4147,"[u'Situation Map 4: Railways and Ammunition Dumps 15-7-18 | Digital Archive @ McMaster University Library', u'33', u'29']"
4148,"[u'[Charleroi] 46 | Digital Archive @ McMaster University Library', u'7', u'7']"
4149,"[u'Doiran | Digital Archive @ McMaster University Library', u'45', u'36']"
4150,"[u'[Dadizeele] 28.NE | Digital Archive @ McMaster University Library', u'8', u'4']"
4151,"[u'[Vauchelles 57d.NW.4] | Digital Archive @ McMaster University Library', u'3', u'3']"
4152,"[u'Ostend 1 | Digital Archive @ McMaster University Library', u'53', u'45']"
4153,"[u'Situation Map 3: Railways and Ammunition Dumps 1-10-18 | Digital Archive @ McMaster University Library', u'78', u'68']"
4154,"[u'Index Diagram of Third Army Maps, Cambrai 1:100,000 | Digital Archive @ McMaster University Library', u'17', u'16']"
4155,"[u'Lens 36c.SW.1 | Digital Archive @ McMaster University Library', u'5', u'5']"
4156,"[u'Courtrai | Digital Archive @ McMaster University Library', u'8', u'7']"
4157,"[u'Cherisy Special Sheet 5-12-17 | Digital Archive @ McMaster University Library', u'6', u'6']"
4158,"[u'Marche 9 | Digital Archive @ McMaster University Library', u'17', u'14']"
4159,"[u'[Queant] 57c.NE | Digital Archive @ McMaster University Library', u'2', u'2']"
4160,"[u'Lens 36c.SW.1 | Digital Archive @ McMaster University Library', u'6', u'5']"
4161,"[u'[Lens] 36c.SW | Digital Archive @ McMaster University Library', u'6', u'4']"
4162,"[u'[Battle of Cambrai and Canal du Nord, 1918] | Digital Archive @ McMaster University Library', u'18', u'14']"
4163,"[u'Abbeville 14 | Digital Archive @ McMaster University Library', u'17', u'9']"
4164,"[u'[Albert] 57d | Digital Archive @ McMaster University Library', u'4', u'4']"
4165,"[u'[Belgian Coastal Area] 12.SE | Digital Archive @ McMaster University Library', u'12', u'11']"
4166,"[u'Western Front 4 | Digital Archive @ McMaster University Library', u'39', u'31']"
4167,"[u'[Loos] 44a.NW 36c.NW | Digital Archive @ McMaster University Library', u'4', u'3']"
4168,"[u'[Mametz] 62d.NE | Digital Archive @ McMaster University Library', u'9', u'7']"
4169,"[u'Namur 8 | Digital Archive @ McMaster University Library', u'10', u'8']"
4170,"[u'[St. Omer] 27a.SE | Digital Archive @ McMaster University Library', u'2', u'2']"
4171,"[u'[Bethune] 36b | Digital Archive @ McMaster University Library', u'20', u'11']"
4172,"[u'[Ostende-Brussels-Lille] 1 and part of 4 | Digital Archive @ McMaster University Library', u'9', u'5']"
4173,"[u'Ecoust-St. Mein [57c.NW.2] | Digital Archive @ McMaster University Library', u'18', u'13']"
4174,"[u'[La Clytte 28.SW.1] | Digital Archive @ McMaster University Library', u'30', u'20']"
4175,"[u'[Courtrai] 29.NW | Digital Archive @ McMaster University Library', u'18', u'12']"
4176,"[u'[Caen] 8 | Digital Archive @ McMaster University Library', u'9', u'9']"
4177,"[u'[Marchiennes Ville] 44.SW | Digital Archive @ McMaster University Library', u'6', u'6']"
4178,"[u'[Lille] 36 | Digital Archive @ McMaster University Library', u'12', u'8']"
4179,"[u'[Dieppe] 3 | Digital Archive @ McMaster University Library', u'19', u'10']"
4180,"[u'Fourth Army Area [Abbeville] | Digital Archive @ McMaster University Library', u'12', u'9']"
4181,"[u'Area of Martinpuich 57d.SE & 57c.SW (parts of) | Digital Archive @ McMaster University Library', u'68', u'32']"
4182,"[u'Aubers 36.SW.1 | Digital Archive @ McMaster University Library', u'7', u'6']"
4183,"[u'[Lombartzyde 12.SW.1.] | Digital Archive @ McMaster University Library', u'10', u'7']"
4184,"[u'Lens 11 | Digital Archive @ McMaster University Library', u'38', u'26']"
4185,"[u'Krithia | Digital Archive @ McMaster University Library', u'20', u'13']"
4186,"[u'Namur 8 | Digital Archive @ McMaster University Library', u'10', u'7']"
4187,"[u'[Dunkerque] 1A | Digital Archive @ McMaster University Library', u'16', u'11']"
4188,"[u'[Amiens] 62e.SE | Digital Archive @ McMaster University Library', u'16', u'9']"
4189,"[u'[Queant 57c.NE] O.31-D.24 | Digital Archive @ McMaster University Library', u'7', u'6']"
4190,"[u'[Gommecourt] 57d.NE, ""B"" Series | Digital Archive @ McMaster University Library', u'9', u'8']"
4191,"[u'[Lens] 36c | Digital Archive @ McMaster University Library', u'6', u'6']"
4192,"[u'[Canadian Attack on Vimy Ridge, 1917 36c.SW.3.] La Folie Farm | Digital Archive @ McMaster University Library', u'155', u'106']"
4193,"[u'[Ypres] 28 | Digital Archive @ McMaster University Library', u'56', u'38']"
4194,"[u'Mezieres 19 | Digital Archive @ McMaster University Library', u'10', u'8']"
4195,"[u'[Quesnoy-sur-Deule 36.NE.1] Spinning Mill | Digital Archive @ McMaster University Library', u'7', u'7']"
4196,"[u'[Chauny] 70d.NW | Digital Archive @ McMaster University Library', u'3', u'2']"
4197,"[u'[Bertry] 57b.SE Enemy Organisation 30-9-18 | Digital Archive @ McMaster University Library', u'15', u'10']"
4198,"[u'Situation Map 3A: Railways and Ammunition Dumps 11-10-18 | Digital Archive @ McMaster University Library', u'28', u'23']"
4199,"[u'Western Front 4: Enemy Order of Battle 6 p.m., 24-4-1917 | Digital Archive @ McMaster University Library', u'23', u'16']"
4200,"[u'[Albert] 57d.SE | Digital Archive @ McMaster University Library', u'26', u'17']"
4201,"[u'[Bapaume] 57c | Digital Archive @ McMaster University Library', u'20', u'15']"
4202,"[u'[St. Quentin] 62b | Digital Archive @ McMaster University Library', u'8', u'5']"
4203,"[u'St. Quentin 18 | Digital Archive @ McMaster University Library', u'48', u'38']"
4204,"[u'Sailly [Cambrai] Intelligence Target Map 25-9-18 | Digital Archive @ McMaster University Library', u'43', u'34']"
4205,"[u'[St. Pierre Divion 57d.SE.2] Trench Map | Digital Archive @ McMaster University Library', u'20', u'19']"
4206,"[u'Army Area Map No. 10: Army Training Areas Map, October 1918 | Digital Archive @ McMaster University Library', u'30', u'27']"
4207,"[u'[Albert] 57d.SE Enemy Organisation 15-6-18 | Digital Archive @ McMaster University Library', u'28', u'23']"
4208,"[u'[Tergnier] 66c.SW | Digital Archive @ McMaster University Library', u'2', u'2']"
4209,"[u'[Maricourt] 62c.NW.1 | Digital Archive @ McMaster University Library', u'8', u'8']"
4210,"[u'Gaza: Secret | Digital Archive @ McMaster University Library', u'22', u'14']"
4211,"[u'[Beaurains] 51b.SW | Digital Archive @ McMaster University Library', u'4', u'3']"
4212,"[u'Cairo (Delta Barrage) | Digital Archive @ McMaster University Library', u'20', u'17']"
4213,"[u'The Daily Telegraph War Map of Europe | Digital Archive @ McMaster University Library', u'83', u'62']"
4214,"[u'Gallipoli | Digital Archive @ McMaster University Library', u'65', u'57']"
4215,"[u'[Beaurains] 51b.SW | Digital Archive @ McMaster University Library', u'5', u'5']"
4216,"[u'[Solesmes] 57b.NE Enemy Organisation | Digital Archive @ McMaster University Library', u'14', u'10']"
4217,"[u'Valenciennes 12 | Digital Archive @ McMaster University Library', u'13', u'12']"
4218,"[u'Montdidier, S.E. | Digital Archive @ McMaster University Library', u'18', u'17']"
4219,"[u'[Walincourt] 57b.SW, Enemy Organisation 29-8-18 | Digital Archive @ McMaster University Library', u'12', u'9']"
4220,"[u'Tournai 5 | Digital Archive @ McMaster University Library', u'21', u'15']"
4221,"[u'Beauvais 21 | Digital Archive @ McMaster University Library', u'13', u'12']"
4222,"[u'[Paris-Chalons] 10 | Digital Archive @ McMaster University Library', u'11', u'7']"
4223,"[u'[Paris-Chalons] 10 | Digital Archive @ McMaster University Library', u'29', u'23']"
4224,"[u'Blaireville 51c.SE.4 | Digital Archive @ McMaster University Library', u'1', u'1']"
4225,"[u'[Arras] 51b.NW | Digital Archive @ McMaster University Library', u'8', u'7']"
4226,"[u'[Renaix] 29.SE | Digital Archive @ McMaster University Library', u'8', u'6']"
4227,"[u'[Maubeuge] 51 | Digital Archive @ McMaster University Library', u'28', u'9']"
4228,"[u'[Dunkerque] 19 | Digital Archive @ McMaster University Library', u'16', u'9']"
4229,"[u'[Beaufort] 51c | Digital Archive @ McMaster University Library', u'7', u'5']"
4230,"[u'[Tergnier] 66c.SW.3 | Digital Archive @ McMaster University Library', u'3', u'3']"
4231,"[u'Auchy (4) | Digital Archive @ McMaster University Library', u'14', u'12']"
4232,"[u'Becquincourt 62c.SW.1 | Digital Archive @ McMaster University Library', u'1', u'1']"
4233,"[u'Quesnoy 36.NE.1 | Digital Archive @ McMaster University Library', u'8', u'8']"
4234,"[u'[Loos] First Army Front 3 | Digital Archive @ McMaster University Library', u'10', u'10']"
4235,"[u'Mezieres 19 | Digital Archive @ McMaster University Library', u'19', u'11']"
4236,"[u'Namur 8 | Digital Archive @ McMaster University Library', u'6', u'6']"
4237,"[u'[Mons-Laon] 4 | Digital Archive @ McMaster University Library', u'21', u'10']"
4238,"[u'Vaux 62c.NW.3 | Digital Archive @ McMaster University Library', u'9', u'7']"
4239,"[u'Dieppe 16 | Digital Archive @ McMaster University Library', u'5', u'5']"
4240,"[u'[Bapaume] 57c.NW Enemy Organisation 19-8-18 | Digital Archive @ McMaster University Library', u'10', u'8']"
4241,"[u'[Avesnes] 57a | Digital Archive @ McMaster University Library', u'4', u'3']"
4242,"[u'Tireh: Secret | Digital Archive @ McMaster University Library', u'8', u'7']"
4243,"[u'Bethune, Combined Sheet: 36a.SE., 36.SW., 36b.NE. & 36c.NW. | Digital Archive @ McMaster University Library', u'60', u'31']"
4244,"[u'Cambrai Road | Digital Archive @ McMaster University Library', u'23', u'19']"
4245,"[u'[Denain] 51a.NW Enemy Organisation 2-10-18 | Digital Archive @ McMaster University Library', u'7', u'5']"
4246,"[u'[Bethune-La Bassee 36b.NE. & 36c.NW.] | Digital Archive @ McMaster University Library', u'21', u'14']"
4247,"[u'Maissemy, Parts of 62c.NE, 62c.SE, 62b.NW & 62b.SW | Digital Archive @ McMaster University Library', u'12', u'7']"
4248,"[u'[Aire] 36a | Digital Archive @ McMaster University Library', u'50', u'20']"
4249,"[u'[Moislains--Gouzeaucourt] 62c.NW.2 | Digital Archive @ McMaster University Library', u'7', u'5']"
4250,"[u'[Arras] 51b | Digital Archive @ McMaster University Library', u'19', u'14']"
4251,"[u'British Battles During 1918 (8th Aug. to 11th Nov., 1918) | Digital Archive @ McMaster University Library', u'19', u'18']"
4252,"[u'[Orchies] 44.NW: Enemy Organisation 15-10-18 | Digital Archive @ McMaster University Library', u'7', u'4']"
4253,"[u'St. Quentin 18 | Digital Archive @ McMaster University Library', u'23', u'22']"
4254,"[u'La Bassee 36c.NW.1 | Digital Archive @ McMaster University Library', u'3', u'3']"
4255,"[u'Situation Map 2: Railways and Ammunition Dumps 1-10-18 | Digital Archive @ McMaster University Library', u'40', u'37']"
4256,"[u'[Avesnes] 57a | Digital Archive @ McMaster University Library', u'5', u'4']"
4257,"[u'[Lens] 36c.SW | Digital Archive @ McMaster University Library', u'9', u'7']"
4258,"[u'Calais 13 | Digital Archive @ McMaster University Library', u'9', u'8']"
4259,"[u'[Dadizeele] 28.NE | Digital Archive @ McMaster University Library', u'2', u'2']"
4260,"[u'Bourlon stand der Stellungen vom 4-9-18 | Digital Archive @ McMaster University Library', u'46', u'41']"
4261,"[u'Beaucamp | Digital Archive @ McMaster University Library', u'16', u'15']"
4262,"[u'[Gavrelle 51b.NW.2] Target Map | Digital Archive @ McMaster University Library', u'15', u'13']"
4263,"[u'Liege 7 | Digital Archive @ McMaster University Library', u'4', u'4']"
4264,"[u'[Arras] 51b.NW | Digital Archive @ McMaster University Library', u'10', u'8']"
4265,"[u'[Mons] 45 | Digital Archive @ McMaster University Library', u'44', u'26']"
4266,"[u'[Metz] 11 | Digital Archive @ McMaster University Library', u'39', u'28']"
4267,"[u'[Lens] | Digital Archive @ McMaster University Library', u'7', u'5']"
4268,"[u'Hazebrouck 5A | Digital Archive @ McMaster University Library', u'35', u'24']"
4269,"[u'[Dunkerque] 19 | Digital Archive @ McMaster University Library', u'8', u'7']"
4270,"[u'[Bermerain] 51a.SE Enemy Organisation 26-9-18 | Digital Archive @ McMaster University Library', u'6', u'5']"
4271,"[u'Army Area Map No. 6: Training Areas, September 1918 | Digital Archive @ McMaster University Library', u'18', u'18']"
4272,"[u'[Arras] 51b | Digital Archive @ McMaster University Library', u'15', u'12']"
4273,"[u'Tripoli | Digital Archive @ McMaster University Library', u'2', u'2']"
4274,"[u'Gouzeaucourt, Parts of 57c.NE, SE and 57b.NW, SW | Digital Archive @ McMaster University Library', u'36', u'23']"
4275,"[u'[Hebuterne] 57d.NE.3 & 4 (parts of) | Digital Archive @ McMaster University Library', u'18', u'13']"
4276,"[u'Rosieres (Combined Sheet) 62d.SE, 62c.SW, 66e.NE, 66d.NW | Digital Archive @ McMaster University Library', u'19', u'15']"
4277,"[u'Zusammendruck Morcourt - Peronne | Digital Archive @ McMaster University Library', u'62', u'46']"
4278,"[u'Ablaincourt 62d.SE.4. & 62c.SW.3. (parts of) | Digital Archive @ McMaster University Library', u'18', u'16']"
4279,"[u'Combles 57c.SW.4 | Digital Archive @ McMaster University Library', u'1', u'1']"
4280,"[u'Valenciennes 12 | Digital Archive @ McMaster University Library', u'9', u'8']"
4281,"[u'East Africa Protectorate, Nakuru-Nyeri | Digital Archive @ McMaster University Library', u'5', u'3']"
4282,"[u'[Bethune] 36b.NE | Digital Archive @ McMaster University Library', u'11', u'6']"
4283,"[u'[Ham] 66d | Digital Archive @ McMaster University Library', u'8', u'7']"
4284,"[u'[Cambrai] 57b Enemy Rear Organisation 25-9-18 | Digital Archive @ McMaster University Library', u'31', u'14']"
4285,"[u'Neuville Vitasse 51b.SW.1 | Digital Archive @ McMaster University Library', u'9', u'7']"
4286,"[u'La Fere 66c.SW.4 | Digital Archive @ McMaster University Library', u'4', u'2']"
4287,"[u'[Lille] 36 | Digital Archive @ McMaster University Library', u'6', u'6']"
4288,"[u'[Bavay] 51.NW | Digital Archive @ McMaster University Library', u'2', u'2']"
4289,"[u'[Beaurains] 51b.SW | Digital Archive @ McMaster University Library', u'5', u'5']"
4290,"[u'La Fere 66c.SW.4 | Digital Archive @ McMaster University Library', u'4', u'1']"
4291,"[u'[Suzanne 62c.NW.3] | Digital Archive @ McMaster University Library', u'24', u'22']"
4292,"[u'[Armentieres] 36.NW | Digital Archive @ McMaster University Library', u'11', u'10']"
4293,"[u'Map of the Peninsula of Gallipoli and the Asiatic Shore of the Dardanelles | Digital Archive @ McMaster University Library', u'27', u'23']"
4294,"[u'[Bertincourt] 57c.SE | Digital Archive @ McMaster University Library', u'7', u'3']"
4295,"[u'Senlis [Albert] 57d.SE,SW and62d.NE,NW (parts of) | Digital Archive @ McMaster University Library', u'24', u'19']"
4296,"[u'[Albert] 57d.SE.4 | Digital Archive @ McMaster University Library', u'13', u'13']"
4297,"[u'[St. Laurent-Blangy 51b.NW.3] | Digital Archive @ McMaster University Library', u'15', u'14']"
4298,"[u'[Albert] 57d | Digital Archive @ McMaster University Library', u'7', u'6']"
4299,"[u'Lumbres: Areas and Training Facilities | Digital Archive @ McMaster University Library', u'17', u'6']"
4300,"[u'[Queant] 57c.NE, Enemy Organisation 20-8-18 | Digital Archive @ McMaster University Library', u'16', u'11']"
4301,"[u'[Gommecourt] 57d.NE | Digital Archive @ McMaster University Library', u'24', u'8']"
4302,"[u'[Peronne] 62c.NW | Digital Archive @ McMaster University Library', u'5', u'5']"
4303,"[u'[Hendecourt] 51c.SE | Digital Archive @ McMaster University Library', u'1', u'1']"
4304,"[u'Calais 13 | Digital Archive @ McMaster University Library', u'4', u'4']"
4305,"[u'[Vitry-en-Artois] 51b.NE | Digital Archive @ McMaster University Library', u'4', u'4']"
4306,"[u'Valenciennes 12 | Digital Archive @ McMaster University Library', u'16', u'13']"
4307,"[u'[Mons-Laon] 4 | Digital Archive @ McMaster University Library', u'44', u'29']"
4308,"[u'[Bohain] 62b.NE | Digital Archive @ McMaster University Library', u'5', u'5']"
4309,"[u'[Bray-sur-Somme] 62d.NE | Digital Archive @ McMaster University Library', u'45', u'25']"
4310,"[u'Lens Secret Trench Sketch Map | Digital Archive @ McMaster University Library', u'57', u'50']"
4311,"[u'Demuin, Intelligence Log Target Map | Digital Archive @ McMaster University Library', u'39', u'32']"
4312,"[u'Hazebrouck 5A | Digital Archive @ McMaster University Library', u'19', u'17']"
4313,"[u'Kilimatinde, German East Africa, Military Road Map Sheet 5 | Digital Archive @ McMaster University Library', u'29', u'22']"
4314,"[u'[Neuve Chapelle] 36.SW, ""B"" Series | Digital Archive @ McMaster University Library', u'15', u'12']"
4315,"[u'[Picquigny] 62e.NE | Digital Archive @ McMaster University Library', u'2', u'1']"
4316,"[u'[Barleux] 62c.SW | Digital Archive @ McMaster University Library', u'3', u'3']"
4317,"[u'Guevgueli | Digital Archive @ McMaster University Library', u'33', u'27']"
4318,"[u'[Ham] 66d | Digital Archive @ McMaster University Library', u'4', u'4']"
4319,"[u'Skeleton Map of 4th Army Front [the Somme 62c] | Digital Archive @ McMaster University Library', u'19', u'19']"
4320,"[u'[Lombartzyde 12.SW.1.] Secret | Digital Archive @ McMaster University Library', u'6', u'6']"
4321,"[u'[Solesmes] 57b.NE Enemy Organisation | Digital Archive @ McMaster University Library', u'21', u'13']"
4322,"[u'Dunkerque 1a | Digital Archive @ McMaster University Library', u'11', u'8']"
4323,"[u'Soissons 22 | Digital Archive @ McMaster University Library', u'60', u'37']"
4324,"[u'[Curchy] 66d.NW | Digital Archive @ McMaster University Library', u'3', u'2']"
4325,"[u'[Loos] | Digital Archive @ McMaster University Library', u'10', u'9']"
4326,"[u'Carte de la Frontiere Nord-est de la France | Digital Archive @ McMaster University Library', u'82', u'56']"
4327,"[u'[Battle of Cambrai and Canal du Nord, 1918: Canadian Plan of Attack] | Digital Archive @ McMaster University Library', u'29', u'26']"
4328,"[u'Merris | Digital Archive @ McMaster University Library', u'19', u'14']"
4329,"[u'La Motte (part of) 36a.NE | Digital Archive @ McMaster University Library', u'8', u'8']"
4330,"[u'Fonquevillers [Gommecourt] 57d.NE sheets 1 & 2 (parts of) | Digital Archive @ McMaster University Library', u'8', u'8']"
4331,"[u'Brussels 6 | Digital Archive @ McMaster University Library', u'13', u'7']"
4332,"[u'Namur 8 | Digital Archive @ McMaster University Library', u'4', u'4']"
4333,"[u'Richebourg 36.SW.3 | Digital Archive @ McMaster University Library', u'10', u'9']"
4334,"[u'Tournai 5 | Digital Archive @ McMaster University Library', u'39', u'33']"
4335,"[u'[Merville] 36a.NE | Digital Archive @ McMaster University Library', u'12', u'9']"
4337,"[u'[Albert] 57d | Digital Archive @ McMaster University Library', u'11', u'8']"
4338,"[u'Bullecourt 51b.SW.4 | Digital Archive @ McMaster University Library', u'35', u'12']"
4339,"[u'[Montauban 57c.SW.3 and 62c.NW.1 (parts of)] | Digital Archive @ McMaster University Library', u'10', u'8']"
4340,"[u'Marche 9 | Digital Archive @ McMaster University Library', u'5', u'4']"
4341,"[u'Map Showing Abbas Apex | Digital Archive @ McMaster University Library', u'29', u'20']"
4342,"[u'[Iwuy] 51a.SW Enemy Organisation 16-9-18 | Digital Archive @ McMaster University Library', u'15', u'13']"
4343,"[u'Lens (2) | Digital Archive @ McMaster University Library', u'33', u'26']"
4344,"[u'Sea of Marmara | Digital Archive @ McMaster University Library', u'8', u'8']"
4345,"['No Results Found', 0, 0]"
4346,"[u'[Fressin] 44c | Digital Archive @ McMaster University Library', u'7', u'6']"
4347,"[u'[Boves] 62d.SW | Digital Archive @ McMaster University Library', u'26', u'12']"
4348,"[u'[Valenciennes] 51a.NE, Enemy Organisation 9-10-18 | Digital Archive @ McMaster University Library', u'16', u'11']"
4349,"[u'[Metz] 11 | Digital Archive @ McMaster University Library', u'16', u'10']"
4350,"[u'[Bellicourt] 62b.NW | Digital Archive @ McMaster University Library', u'13', u'5']"
4351,"[u'[Battle of Passchendaele] Situation Map: 6 p.m. 26th October 1917 | Digital Archive @ McMaster University Library', u'55', u'48']"
4352,"[u'Fourth Army Front: Map Q [62c.NE.1] | Digital Archive @ McMaster University Library', u'23', u'22']"
4353,"[u'[Bohain] 62b.NE | Digital Archive @ McMaster University Library', u'2', u'2']"
4354,"[u'Second Army M.T. Circuits: Eastern Area | Digital Archive @ McMaster University Library', u'9', u'6']"
4355,"[u'[Combles] 57c.SW | Digital Archive @ McMaster University Library', u'1', u'1']"
4668,"[u'28.Q5 [Gheluwe] October 3, 1918 | Digital Archive @ McMaster University Library', u'17', u'12']"
4669,"[u'Aerial photo, World War, 1914-1918; WW1 Trench Maps: France. December, 1917. | Digital Archive @ McMaster University Library', u'8', u'6']"
4670,"[u'Aerial photo, World War, 1914-1918; WW1 Trench Maps: France. September, 1918. | Digital Archive @ McMaster University Library', u'7', u'5']"
4671,"[u'36a.Q13 [Merville Front, Southeast of St. Venant] May 8, 1918 | Digital Archive @ McMaster University Library', u'7', u'5']"
4672,"[u'36.K5 [Marcq-en-Baroeul and le Quesne, Northeast of Lille] November 12, 1917 | Digital Archive @ McMaster University Library', u'1', u'1']"
4673,"[u'Aerial photo, World War, 1914-1918; Roulers. September, 1917. | Digital Archive @ McMaster University Library', u'4', u'4']"
4674,"[u'Aerial photo, World War, 1914-1918; Oisy-le-Verger.. September, 1918. | Digital Archive @ McMaster University Library', u'3', u'2']"
4675,"[u'20.X2 [Roulers] September 21, 1917 | Digital Archive @ McMaster University Library', u'2', u'1']"
4676,"[u'Aerial photo, World War, 1914-1918; WW1 Trench Maps: France. December, 1917. | Digital Archive @ McMaster University Library', u'4', u'3']"
4677,"['No Results Found', 0, 0]"
4678,"[u'Aerial photo, World War, 1914-1918; Quennet copse; Claymore valley; Gillemont farm; Malakoff farm; Dirk valley; Bony; Hargicourt.. September, 1917. | Digital Archive @ McMaster University Library', u'97', u'76']"
4679,"[u'Aerial photo, World War, 1914-1918; WW1 Trench Maps: France. November, 1917. | Digital Archive @ McMaster University Library', u'2', u'1']"
4680,"[u'27.X17 [Bailleul] July 7, 1918 | Digital Archive @ McMaster University Library', u'7', u'6']"
4681,"[u'Aerial photo, World War, 1914-1918; WW1 Trench Maps: France. December, 1917. | Digital Archive @ McMaster University Library', u'7', u'5']"
4682,"[u'20.P20 [Stadenreke] December 6, 1917 | Digital Archive @ McMaster University Library', u'1', u'1']"
4683,"[u'66e.R27 [Northeast of St. Aurin] August 14, 1918 | Digital Archive @ McMaster University Library', u'6', u'4']"
4684,"[u'20.U5 [Faidherbe Crossroads, Panama House and Owls Wood] December 28, 1917 | Digital Archive @ McMaster University Library', u'5', u'3']"
4685,"[u'28.L3 [Ode and Fitter Farms north of Ledeghem] October 1, 1918 | Digital Archive @ McMaster University Library', u'6', u'6']"
4686,"[u'20.W17 [De Ruiter to Vierkavenhoek] August 9, 1917 | Digital Archive @ McMaster University Library', u'10', u'8']"
4687,"[u'27.X7 [Meteren] August 1, 1918 | Digital Archive @ McMaster University Library', u'4', u'3']"
4688,"[u'Aerial photo, World War, 1914-1918; WW1 Trench Maps: France. December, 1917. | Digital Archive @ McMaster University Library', u'6', u'5']"
4689,"[u'51b.U22 [River Scarpe to Canal du Nord] April 3, 1917 | Digital Archive @ McMaster University Library', u'4', u'4']"
4690,"[u'Aerial photo, World War, 1914-1918; WW1 Trench Maps: France. December, 1917. | Digital Archive @ McMaster University Library', u'6', u'5']"
4691,"[u'66e.C26 [Moreuil] July 23, 1918 | Digital Archive @ McMaster University Library', u'3', u'2']"
4692,"[u'27.X14 [les Ormes, West of Meteren] July 12, 1918 | Digital Archive @ McMaster University Library', u'3', u'2']"
4693,"[u'Aerial photo, World War, 1914-1918; WW1 Trench Maps: France. October, 1918. | Digital Archive @ McMaster University Library', u'4', u'4']"
4694,"[u'62d.E20 [Dernancourt] April 2, 1918 | Digital Archive @ McMaster University Library', u'5', u'2']"
4695,"[u'20.O36 [Marechal Farm, Houthulst Forest] December 26, 1917, c.2 | Digital Archive @ McMaster University Library', u'1', u'1']"
4696,"[u'Aerial photo, World War, 1914-1918; Mourlancourt.. July, 1918. | Digital Archive @ McMaster University Library', u'2', u'2']"
4697,"[u'Aerial photo, World War, 1914-1918; Wytschaete.. April, 1917. | Digital Archive @ McMaster University Library', u'5', u'5']"
4698,"[u'Aerial photo, World War, 1914-1918; Canal du Nord; Oise river.. | Digital Archive @ McMaster University Library', u'37', u'33']"
4699,"[u'Aerial photo, World War, 1914-1918; WW1 Trench Maps: France. December, 1917. | Digital Archive @ McMaster University Library', u'8', u'6']"
4700,"[u'Aerial photo, World War, 1914-1918; La Bassee canal; Scarpe river.. | Digital Archive @ McMaster University Library', u'35', u'30']"
4701,"[u'28.U22 [East of Ploegsteert Wood] May 23, 1917 | Digital Archive @ McMaster University Library', u'1', u'1']"
4702,"[u'Aerial photo, World War, 1914-1918; Six crossroads.. January, 1918. | Digital Archive @ McMaster University Library', u'2', u'2']"
4703,"[u'62d.U18 [Morgement Wood and The Clump] July 23, 1918 | Digital Archive @ McMaster University Library', u'8', u'2']"
4704,"[u'57d.W21 [Albert] April 21, 1918 | Digital Archive @ McMaster University Library', u'15', u'10']"
4705,"[u'Aerial photo, World War, 1914-1918; WW1 Trench Maps: France. September, 1917. | Digital Archive @ McMaster University Library', u'11', u'11']"
4706,"[u'51b.V8 [Cagnicourt] April 24, 1917 | Digital Archive @ McMaster University Library', u'5', u'3']"
4707,"[u'Aerial photo, World War, 1914-1918; WW1 Trench Maps: France. February, 1917. | Digital Archive @ McMaster University Library', u'5', u'2']"
4708,"[u'62d.E24 [Fricourt] August 9, 1918 | Digital Archive @ McMaster University Library', u'10', u'5']"
4709,"[u'27.X27 [south of Meteren] July 31, 1918 | Digital Archive @ McMaster University Library', u'4', u'3']"
4710,"[u'Aerial photo, World War, 1914-1918; WW1 Trench Maps: France. November, 1917. | Digital Archive @ McMaster University Library', u'4', u'3']"
4711,"[u'Aerial photo, World War, 1914-1918; WW1 Trench Maps: France. | Digital Archive @ McMaster University Library', u'35', u'35']"
4712,"[u'51b.U22 [Hendecourt-lez-Cagnicourt] April 16, 1917 | Digital Archive @ McMaster University Library', u'4', u'4']"
4713,"[u'27.X26 [Outtersteene, South of Meteren] July 31, 1918 | Digital Archive @ McMaster University Library', u'4', u'3']"
4714,"[u'20.U6 [les 5 Chemins] December 28, 1917 | Digital Archive @ McMaster University Library', u'5', u'5']"
4715,"[u'27.X14 [les Ormes, West of Meteren] June 1, 1918 | Digital Archive @ McMaster University Library', u'2', u'1']"
4716,"[u'51b.U28 [Railway Near Bullecourt] April 13, 1917 | Digital Archive @ McMaster University Library', u'21', u'19']"
4717,"[u'Aerial photo, World War, 1914-1918; Wytschaete.. June, 1917. | Digital Archive @ McMaster University Library', u'4', u'3']"
4718,"[u'Aerial photo, World War, 1914-1918; WW1 Trench Maps: France. December, 1917. | Digital Archive @ McMaster University Library', u'5', u'3']"
4719,"[u'51b.Q34 [Sauchy-Cauchy and Cemetery Wood] September 20, 1918 | Digital Archive @ McMaster University Library', u'11', u'6']"
4720,"[u'28.K30 [Artoishoek to Menin] October 1, 1918 | Digital Archive @ McMaster University Library', u'7', u'6']"
4721,"[u'62d.P20 [Vaire and Tailloux Woods, South of Hamel] June 25, 1918 | Digital Archive @ McMaster University Library', u'5', u'4']"
4722,"[u'Aerial photo, World War, 1914-1918; WW1 Trench Maps: France. December, 1917. | Digital Archive @ McMaster University Library', u'5', u'4']"
4723,"[u'Aerial photo, World War, 1914-1918; WW1 Trench Maps: France. December, 1917. | Digital Archive @ McMaster University Library', u'4', u'3']"
4724,"[u'28.K35 [Arrol Wood] October 3, 1918 | Digital Archive @ McMaster University Library', u'1', u'1']"
4725,"[u'27.X22 [South of Meteren] June 29, 1918 | Digital Archive @ McMaster University Library', u'5', u'3']"
4726,"[u'Aerial photo, World War, 1914-1918; Villers-les-Roye; Bois Alberick.. | Digital Archive @ McMaster University Library', u'8', u'6']"
4727,"[u'Aerial photo, World War, 1914-1918; WW1 Trench Maps: France. February, 1917. | Digital Archive @ McMaster University Library', u'8', u'4']"
4728,"[u'Aerial photo, World War, 1914-1918; WW1 Trench Maps: France. April, 1917. | Digital Archive @ McMaster University Library', u'29', u'26']"
4729,"[u'29.V9 [Escanaffles Church] October 30, 1918 | Digital Archive @ McMaster University Library', u'2', u'1']"
4730,"[u'62d.L32 [Cemetery South of Etinehem] August 9, 1918 | Digital Archive @ McMaster University Library', u'3', u'1']"
4731,"[u'62d.L25 [Etinehem to Yakko Copse] August 9, 1918 | Digital Archive @ McMaster University Library', u'5', u'1']"
4732,"[u'Aerial photo, World War, 1914-1918; WW1 Trench Maps: France. December, 1917. | Digital Archive @ McMaster University Library', u'14', u'10']"
4733,"[u'Aerial photo, World War, 1914-1918; WW1 Trench Maps: France. March, 1918. | Digital Archive @ McMaster University Library', u'5', u'4']"
4734,"[u'Aerial photo, World War, 1914-1918; WW1 Trench Maps: France. October, 1918. | Digital Archive @ McMaster University Library', u'6', u'4']"
4735,"[u'Aerial photo, World War, 1914-1918; WW1 Trench Maps: France. December, 1917. | Digital Archive @ McMaster University Library', u'7', u'6']"
4736,"[u'Aerial photo, World War, 1914-1918; Cologne Bridgehead.. January, 1919. | Digital Archive @ McMaster University Library', u'10', u'7']"
4737,"[u'Aerial photo, World War, 1914-1918; Mericourt; Somme Canal.. August, 1918. | Digital Archive @ McMaster University Library', u'13', u'8']"
4738,"[u'Aerial photo, World War, 1914-1918; WW1 Trench Maps: France. June, 1918. | Digital Archive @ McMaster University Library', u'3', u'2']"
4739,"[u'20.P25 [Marseille Farm, Houthulst Forest] January 3, 1918 | Digital Archive @ McMaster University Library', u'1', u'1']"
4740,"[u'Aerial photo, World War, 1914-1918; WW1 Trench Maps: France. December, 1917. | Digital Archive @ McMaster University Library', u'4', u'3']"
4741,"[u'Aerial photo, World War, 1914-1918; Cologne Bridgehead.. January, 1919. | Digital Archive @ McMaster University Library', u'4', u'2']"
4742,"[u'Aerial photo, World War, 1914-1918; Wervicq.. June, 1917. | Digital Archive @ McMaster University Library', u'13', u'7']"
4743,"[u'Aerial photo, World War, 1914-1918; Morgemont wood; title copse; jot copse.. July, 1918. | Digital Archive @ McMaster University Library', u'10', u'5']"
4744,"[u'Aerial photo, World War, 1914-1918; Arras; Bapaume.. | Digital Archive @ McMaster University Library', u'59', u'48']"
4745,"[u'Aerial photo, World War, 1914-1918; WW1 Trench Maps: France. June, 1917. | Digital Archive @ McMaster University Library', u'9', u'7']"
4746,"[u'57b.A16 [Cambrai] October 4, 1918 | Digital Archive @ McMaster University Library', u'14', u'12']"
4747,"[u'28.J35 [Oude-Kruiseecke] October 17, 1917 | Digital Archive @ McMaster University Library', u'3', u'3']"
4748,"[u'62d.E15 [Dernancourt] April 21, 1918 | Digital Archive @ McMaster University Library', u'4', u'4']"
4749,"[u'57c.E20 [Moeuvres, near Canal du Nord] September 3, 1918 | Digital Archive @ McMaster University Library', u'7', u'7']"
4750,"[u'Aerial photo, World War, 1914-1918; Yser Canal; Nieuport Bains. September, 1917. | Digital Archive @ McMaster University Library', u'23', u'15']"
4751,"[u'20.V7 [Gravel Farm] December 26, 1917, c.2 | Digital Archive @ McMaster University Library', u'2', u'2']"
4752,"[u'Aerial photo, World War, 1914-1918; Venison farm.. December, 1917. | Digital Archive @ McMaster University Library', u'8', u'6']"
4753,"[u'Aerial photo, World War, 1914-1918; Frenzy farm. October, 1918. | Digital Archive @ McMaster University Library', u'15', u'8']"
4754,"[u'Aerial photo, World War, 1914-1918; WW1 Trench Maps: France. December, 1917. | Digital Archive @ McMaster University Library', u'5', u'2']"
4755,"[u'Aerial photo, World War, 1914-1918; WW1 Trench Maps: France. December, 1917. | Digital Archive @ McMaster University Library', u'14', u'11']"
4756,"['No Results Found', 0, 0]"
4757,"[u'Aerial photo, World War, 1914-1918; WW1 Trench Maps: France. December, 1917. | Digital Archive @ McMaster University Library', u'4', u'2']"
4758,"[u'51b.U20 [Bullecourt] April 5, 1917 | Digital Archive @ McMaster University Library', u'11', u'9']"
4759,"[u'Aerial photo, World War, 1914-1918; Polgone De Zonnebeke. June, 1917. | Digital Archive @ McMaster University Library', u'10', u'9']"
4760,"[u'51b.V15 [Cagnicourt] August 17, 1917 | Digital Archive @ McMaster University Library', u'4', u'4']"
4761,"[u'Aerial photo, World War, 1914-1918; WW1 Trench Maps: France. October, 1918. | Digital Archive @ McMaster University Library', u'9', u'6']"
4762,"[u'Aerial photo, World War, 1914-1918; WW1 Trench Maps: France. January, 1918. | Digital Archive @ McMaster University Library', u'9', u'7']"
4763,"[u'36a.X8 [Mesplaux North Post, Merville Front, East of Locon] June 30, 1918 | Digital Archive @ McMaster University Library', u'10', u'8']"
4764,"[u'28.J21 [Tower Hamlets and Lewis House, West of Gheluvelt] October 17, 1917 | Digital Archive @ McMaster University Library', u'2', u'2']"
4765,"[u'Aerial photo, World War, 1914-1918; WW1 Trench Maps: France. September, 1917. | Digital Archive @ McMaster University Library', u'6', u'6']"
4766,"[u'Aerial photo, World War, 1914-1918; Pelleul; Canal du Nord.. September, 1918. | Digital Archive @ McMaster University Library', u'3', u'3']"
4767,"[u'Aerial photo, World War, 1914-1918; WW1 Trench Maps: France. December, 1917. | Digital Archive @ McMaster University Library', u'5', u'3']"
4768,"[u'Aerial photo, World War, 1914-1918; Fricourt; Becordel; Meaulte.. August, 1918. | Digital Archive @ McMaster University Library', u'17', u'14']"
4769,"[u'66d.M31 [St. Mard-les-Triot] August 14, 1918 | Digital Archive @ McMaster University Library', u'6', u'5']"
4770,"[u'Aerial photo, World War, 1914-1918; WW1 Trench Maps: France. July, 1917. | Digital Archive @ McMaster University Library', u'7', u'6']"
4771,"[u'62d.V3 [Card Copse, Marcelcave] July 16, 1918 | Digital Archive @ McMaster University Library', u'5', u'5']"
4772,"[u'Aerial photo, World War, 1914-1918; WW1 Trench Maps: France. June, 1918. | Digital Archive @ McMaster University Library', u'6', u'6']"
4773,"[u'Aerial photo, World War, 1914-1918; WW1 Trench Maps: France. July, 1918. | Digital Archive @ McMaster University Library', u'10', u'7']"
4774,"[u'28 [Zonnebeke] October 2, 1917 | Digital Archive @ McMaster University Library', u'13', u'10']"
4775,"[u'36.F3 [Tourcoing] February 2, 1917 | Digital Archive @ McMaster University Library', u'1', u'1']"
4776,"[u'Aerial photo, World War, 1914-1918; le Gd. Priel Farm.. March, 1918. | Digital Archive @ McMaster University Library', u'11', u'7']"
4777,"[u'Aerial photo, World War, 1914-1918; Westroosebeke; Puzzle wood; Spriet road; Spriet copse; Bernic farm; Poncreregoed farm.. December, 1917. | Digital Archive @ McMaster University Library', u'7', u'7']"
4778,"[u'28.C29 [Rupprecht Farm, Verlorenhoek] May 1, 1917 | Digital Archive @ McMaster University Library', u'4', u'3']"
4779,"[u'57b.A17 [Cambrai] October 3, 1918 | Digital Archive @ McMaster University Library', u'5', u'5']"
4780,"[u'51b.V9 [Cagnicourt] August 17, 1917 | Digital Archive @ McMaster University Library', u'3', u'3']"
4781,"[u'Aerial photo, World War, 1914-1918; Walpole copse.. October, 1918. | Digital Archive @ McMaster University Library', u'5', u'5']"
4782,"[u'Aerial photo, World War, 1914-1918; WW1 Trench Maps: France. December, 1916. | Digital Archive @ McMaster University Library', u'13', u'10']"
4783,"[u'Aerial photo, World War, 1914-1918; WW1 Trench Maps: France. July, 1918. | Digital Archive @ McMaster University Library', u'6', u'5']"
4784,"[u'20.V1 [German Positions Around Turenne Crossing] December 18, 1917 | Digital Archive @ McMaster University Library', u'2', u'2']"
4785,"[u'Aerial photo, World War, 1914-1918; WW1 Trench Maps: France. December, 1917. | Digital Archive @ McMaster University Library', u'12', u'9']"
4786,"['No Results Found', 0, 0]"
4787,"[u'Aerial photo, World War, 1914-1918; WW1 Trench Maps: France. November, 1917. | Digital Archive @ McMaster University Library', u'3', u'2']"
4788,"[u'Aerial photo, World War, 1914-1918; WW1 Trench Maps: France. January, 1918. | Digital Archive @ McMaster University Library', u'7', u'6']"
4789,"[u'Aerial photo, World War, 1914-1918; Zillebeke; Battlewood; Hill 60.. April, 1916. | Digital Archive @ McMaster University Library', u'31', u'25']"
4790,"[u'Aerial photo, World War, 1914-1918; WW1 Trench Maps: France. December, 1917. | Digital Archive @ McMaster University Library', u'3', u'2']"
4791,"[u'20.V1 [Turenne Crossing, Houthulst Forest] January 3, 1918 | Digital Archive @ McMaster University Library', u'2', u'1']"
4792,"[u'20.P25 [Thann Crossroads, Northwest of Wijfwegen] January 3, 1918 | Digital Archive @ McMaster University Library', u'1', u'1']"
4793,"[u'51b.E8 [Inchy-en-Artois] September 3, 1918. | Digital Archive @ McMaster University Library', u'13', u'10']"
4794,"['No Results Found', 0, 0]"
4795,"[u'Aerial photo, World War, 1914-1918; Bullecourt; Fontaine-les-Croisilles; Hindenburg Line.. April, 1917. | Digital Archive @ McMaster University Library', u'53', u'48']"
4796,"[u'36.Q10 [Lille, Training Trenches between le Maroc and Porte de Douai] May 12, 1917 | Digital Archive @ McMaster University Library', u'7', u'6']"
4797,"[u'20.V8 [Gravel Farm] December 26, 1917 | Digital Archive @ McMaster University Library', u'3', u'3']"
4798,"[u'Aerial photo, World War, 1914-1918; WW1 Trench Maps: France. December, 1917. | Digital Archive @ McMaster University Library', u'4', u'3']"
4799,"[u'Aerial photo, World War, 1914-1918; WW1 Trench Maps: France. October, 1918. | Digital Archive @ McMaster University Library', u'6', u'5']"
4800,"[u'Aerial photo, World War, 1914-1918; WW1 Trench Maps: France. August, 1918. | Digital Archive @ McMaster University Library', u'13', u'11']"
4801,"[u'Aerial photo, World War, 1914-1918; Messines.. June, 1917. | Digital Archive @ McMaster University Library', u'57', u'48']"
4802,"[u'20.O18 [Milieau Chateau, Houthulst Forest Region] January 3, 1918 | Digital Archive @ McMaster University Library', u'3', u'2']"
4803,"[u'Aerial photo, World War, 1914-1918; Rossignol farm. December, 1917. | Digital Archive @ McMaster University Library', u'5', u'4']"
4804,"[u'62d.E18 [Becordel-Becourt] August 9, 1918 | Digital Archive @ McMaster University Library', u'12', u'6']"
4805,"[u'Aerial photo, World War, 1914-1918; WW1 Trench Maps: France. July, 1918. | Digital Archive @ McMaster University Library', u'11', u'9']"
4806,"[u'57c.E20 [Lion Trench, near Canal du Nord] September 4, 1918 | Digital Archive @ McMaster University Library', u'1', u'1']"
4807,"[u'27.X22 [Scots Trench, South of Meteren] July 31, 1918 | Digital Archive @ McMaster University Library', u'2', u'2']"
4808,"[u'Aerial photo, World War, 1914-1918; WW1 Trench Maps: France. December, 1917. | Digital Archive @ McMaster University Library', u'6', u'4']"
4809,"[u'20.V1 [Turenne Crossing, Southwest of Schaap-Balie] January 3, 1918 | Digital Archive @ McMaster University Library', u'1', u'1']"
4810,"[u'Aerial photo, World War, 1914-1918; WW1 Trench Maps: France. September, 1918. | Digital Archive @ McMaster University Library', u'8', u'6']"
4811,"[u'Aerial photo, World War, 1914-1918; Irles.. November, 1916. | Digital Archive @ McMaster University Library', u'6', u'4']"
4812,"[u'28.S19 [Bailleul] June 27, 1918. | Digital Archive @ McMaster University Library', u'5', u'4']"
4813,"[u'Aerial photo, World War, 1914-1918; WW1 Trench Maps: France. September, 1918. | Digital Archive @ McMaster University Library', u'5', u'4']"
4814,"[u'Aerial photo, World War, 1914-1918; WW1 Trench Maps: France. October, 1918. | Digital Archive @ McMaster University Library', u'8', u'5']"
4815,"[u'Aerial photo, World War, 1914-1918; WW1 Trench Maps: France. December, 1917. | Digital Archive @ McMaster University Library', u'5', u'3']"
4816,"[u'27.X8 [Phincboom to Meteren] July 16, 1918 | Digital Archive @ McMaster University Library', u'3', u'3']"
4817,"[u'Aerial photo, World War, 1914-1918; WW1 Trench Maps: France. October, 1918. | Digital Archive @ McMaster University Library', u'6', u'5']"
4818,"[u'Aerial photo, World War, 1914-1918; WW1 Trench Maps: France. October, 1918. | Digital Archive @ McMaster University Library', u'8', u'6']"
4819,"[u'36a.X8 [Merville Front Near Locon] June 7, 1918 | Digital Archive @ McMaster University Library', u'19', u'8']"
4820,"[u'20.V16 [Clear farm] November 28, 1917 | Digital Archive @ McMaster University Library', u'2', u'2']"
4821,"[u'Aerial photo, World War, 1914-1918; WW1 Trench Maps: France. October, 1918. | Digital Archive @ McMaster University Library', u'2', u'2']"
4822,"[u'Aerial photo, World War, 1914-1918; WW1 Trench Maps: France. December, 1917. | Digital Archive @ McMaster University Library', u'4', u'2']"
4823,"[u'62d.Q12 [Mericourt-sur-Somme] August 10, 1918 | Digital Archive @ McMaster University Library', u'4', u'2']"
4824,"[u'51b.I8 [Plouvain] May 19, 1917. | Digital Archive @ McMaster University Library', u'11', u'9']"
4825,"[u'57d.V29 [Millencourt] April 20, 1918 | Digital Archive @ McMaster University Library', u'5', u'3']"
4826,"[u'Aerial photo, World War, 1914-1918; Cologne Bridgehead.. January, 1919. | Digital Archive @ McMaster University Library', u'5', u'3']"
4827,"[u'Aerial photo, World War, 1914-1918; WW1 Trench Maps: France. December, 1917. | Digital Archive @ McMaster University Library', u'3', u'2']"
4828,"[u'Aerial photo, World War, 1914-1918; WW1 Trench Maps: France. December, 1917. | Digital Archive @ McMaster University Library', u'4', u'3']"
4829,"[u'51b.W5 [Sauchy-Lestree] September 20, 1918 | Digital Archive @ McMaster University Library', u'3', u'1']"
4830,"[u'Aerial photo, World War, 1914-1918; Scarpe river; Ancre river.. | Digital Archive @ McMaster University Library', u'37', u'35']"
4831,"[u'28.L19 [MadCap, Capstan and GoldFish Farms near Kezelberg] October 1, 1918 | Digital Archive @ McMaster University Library', u'9', u'7']"
4832,"[u'Aerial photo, World War, 1914-1918; WW1 Trench Maps: France. November, 1917. | Digital Archive @ McMaster University Library', u'2', u'1']"
4833,"[u'Aerial photo, World War, 1914-1918; WW1 Trench Maps: France. August, 1917. | Digital Archive @ McMaster University Library', u'9', u'8']"
4834,"[u'Aerial photo, World War, 1914-1918; WW1 Trench Maps: France. December, 1917. | Digital Archive @ McMaster University Library', u'5', u'3']"
4835,"[u'Aerial photo, World War, 1914-1918; WW1 Trench Maps: France. July, 1918. | Digital Archive @ McMaster University Library', u'6', u'5']"
4836,"[u'28.O32 [Messines] June 5, 1917 | Digital Archive @ McMaster University Library', u'9', u'8']"
4837,"[u'28.Q5 [Gheluwe to Menin] October 3, 1918 | Digital Archive @ McMaster University Library', u'9', u'6']"
4839,"[u'57d.W27 [Albert] June 15, 1918 | Digital Archive @ McMaster University Library', u'10', u'6']"
4840,"[u'51b.W26 [Sains-lez-Marquion] September 3, 1918 | Digital Archive @ McMaster University Library', u'9', u'4']"
4841,"[u'57d.F28 [Bucquoy] March 4, 1917 | Digital Archive @ McMaster University Library', u'11', u'11']"
4842,"[u'36.Q14 [Southern Portion of Lille] May 12, 1917 | Digital Archive @ McMaster University Library', u'1', u'1']"
4843,"[u'Aerial photo, World War, 1914-1918; Scarpe river; Canal du Nord.. April, 1917. | Digital Archive @ McMaster University Library', u'22', u'19']"
4844,"[u'Aerial photo, World War, 1914-1918; WW1 Trench Maps: France. July, 1918. | Digital Archive @ McMaster University Library', u'7', u'5']"
4845,"['No Results Found', 0, 0]"
4846,"[u'Aerial photo, World War, 1914-1918; WW1 Trench Maps: France. October, 1918. | Digital Archive @ McMaster University Library', u'6', u'5']"
4847,"[u'Aerial photo, World War, 1914-1918; WW1 Trench Maps: France. October, 1917. | Digital Archive @ McMaster University Library', u'5', u'3']"
4848,"[u'20.P25 [Marseille Farm, Houthulst Forest] December 6, 1917 | Digital Archive @ McMaster University Library', u'8', u'5']"
4849,"[u'62d.E21 [Dernancourt] April 21, 1918 | Digital Archive @ McMaster University Library', u'3', u'3']"
4850,"['No Results Found', 0, 0]"
4851,"[u'Aerial photo, World War, 1914-1918; Cologne Bridgehead.. January, 1919. | Digital Archive @ McMaster University Library', u'12', u'6']"
4852,"[u'27.X15 [Meteren] July 19, 1918 | Digital Archive @ McMaster University Library', u'13', u'8']"
4853,"[u'Aerial photo, World War, 1914-1918; WW1 Trench Maps: France. September, 1918. | Digital Archive @ McMaster University Library', u'8', u'7']"
4854,"[u'28.L3 [Pickwick House near Rolleghemcappelle] October 7, 1918 | Digital Archive @ McMaster University Library', u'1', u'1']"
4855,"[u'Aerial photo, World War, 1914-1918; Sauchy-Lestree. September, 1918. | Digital Archive @ McMaster University Library', u'3', u'2']"
4856,"[u'Aerial photo, World War, 1914-1918; WW1 Trench Maps: France. January, 1917. | Digital Archive @ McMaster University Library', u'18', u'17']"
4857,"[u'Aerial photo, World War, 1914-1918; WW1 Trench Maps: France. December, 1917. | Digital Archive @ McMaster University Library', u'6', u'4']"
4858,"[u'28.O4 [White Chateau near Hollebeke and the Ypres Canal] May 20, 1917 | Digital Archive @ McMaster University Library', u'23', u'18']"
4859,"[u'27.X14 [les Ormes, West of Meteren] July 16, 1918 | Digital Archive @ McMaster University Library', u'6', u'4']"
4860,"[u'Aerial photo, World War, 1914-1918; St. Quentin canal; Vaucelles; Hindenberg support line.. October, 1918. | Digital Archive @ McMaster University Library', u'8', u'8']"
4861,"[u'Aerial photo, World War, 1914-1918; Quarm. Farm.. October, 1918. | Digital Archive @ McMaster University Library', u'3', u'3']"
4862,"[u'Aerial photo, World War, 1914-1918; WW1 Trench Maps: France. July, 1918. | Digital Archive @ McMaster University Library', u'7', u'6']"
4863,"[u'Aerial photo, World War, 1914-1918; WW1 Trench Maps: France. December, 1917. | Digital Archive @ McMaster University Library', u'4', u'3']"
4864,"[u'Aerial photo, World War, 1914-1918; Canal du Nord; Oise river.. | Digital Archive @ McMaster University Library', u'25', u'21']"
4865,"[u'20.V2 [Davout Farm] December 6, 1917 | Digital Archive @ McMaster University Library', u'2', u'1']"
4866,"[u'Aerial photo, World War, 1914-1918; WW1 Trench Maps: France. May, 1918. | Digital Archive @ McMaster University Library', u'8', u'7']"
4867,"[u'20.V8 [Gravel Farm] December 26, 1917 | Digital Archive @ McMaster University Library', u'1', u'1']"
4868,"[u'Aerial photo, World War, 1914-1918; Pontruct. | Digital Archive @ McMaster University Library', u'11', u'6']"
4869,"[u'Aerial photo, World War, 1914-1918; WW1 Trench Maps: France. December, 1917. | Digital Archive @ McMaster University Library', u'6', u'4']"
4870,"[u'20.V1 [Turenne Crossing] January 3, 1918 | Digital Archive @ McMaster University Library', u'5', u'2']"
4871,"[u'Aerial photo, World War, 1914-1918; Feldwach Wood; Himmelfahrt Farm.. | Digital Archive @ McMaster University Library', u'11', u'6']"
4872,"[u'Aerial photo, World War, 1914-1918; Cologne Bridgehead.. January, 1919. | Digital Archive @ McMaster University Library', u'15', u'9']"
4873,"['No Results Found', 0, 0]"
4874,"[u'36b.X11 [Ablain-St. Nazaire] December 3, 1917 | Digital Archive @ McMaster University Library', u'7', u'4']"
4875,"[u'36.K26 [Lille, Northeast of the Citadelle] May 24, 1916 | Digital Archive @ McMaster University Library', u'2', u'2']"
4876,"[u'28.J28 [Duplex Farm, Southwest of Gheluvelt] October 17, 1917 | Digital Archive @ McMaster University Library', u'2', u'2']"
4877,"[u'28.O6 [Northeast of Hollebeke, Ypres Canal] August 7, 1917 | Digital Archive @ McMaster University Library', u'8', u'8']"
4878,"[u'20.O35 [Panama House, Houthulst Forest] December 18, 1917 | Digital Archive @ McMaster University Library', u'1', u'1']"
4879,"[u'62d.V9 [Marcelcave and Cave Copse] July 23, 1918 | Digital Archive @ McMaster University Library', u'12', u'11']"
4880,"[u'36.F28 [Roubaix] February 5, 1917 | Digital Archive @ McMaster University Library', u'1', u'1']"
4881,"[u'Aerial photo, World War, 1914-1918; WW1 Trench Maps: France. December, 1917. | Digital Archive @ McMaster University Library', u'5', u'4']"
4882,"[u'Aerial photo, World War, 1914-1918; WW1 Trench Maps: France. June, 1918. | Digital Archive @ McMaster University Library', u'3', u'3']"
4883,"[u'Aerial photo, World War, 1914-1918; WW1 Trench Maps: France. January, 1917. | Digital Archive @ McMaster University Library', u'10', u'8']"
4884,"[u'Aerial photo, World War, 1914-1918; WW1 Trench Maps: France. October, 1918. | Digital Archive @ McMaster University Library', u'7', u'6']"
4885,"[u'20.V1 [Gravel Farm] December 26, 1917, c.2 | Digital Archive @ McMaster University Library', u'2', u'2']"
4886,"[u'Aerial photo, World War, 1914-1918; WW1 Trench Maps: France. | Digital Archive @ McMaster University Library', u'21', u'18']"
4887,"[u'Aerial photo, World War, 1914-1918; Wytshaete. June, 1917. | Digital Archive @ McMaster University Library', u'6', u'4']"
4888,"[u'Aerial photo, World War, 1914-1918; WW1 Trench Maps: France. December, 1917. | Digital Archive @ McMaster University Library', u'4', u'3']"
4889,"[u'Aerial photo, World War, 1914-1918; WW1 Trench Maps: France. July, 1918. | Digital Archive @ McMaster University Library', u'12', u'10']"
4890,"[u'Aerial photo, World War, 1914-1918; WW1 Trench Maps: France. December, 1916. | Digital Archive @ McMaster University Library', u'7', u'5']"
4891,"[u'62c.A25 and 62d.L2 [Billon Wood, Maricourt to Morlancourt] August 9, 1918 | Digital Archive @ McMaster University Library', u'6', u'4']"
4892,"[u'51b.I19 [Roeux] May 9, 1917 | Digital Archive @ McMaster University Library', u'14', u'11']"
4893,"[u'51b.I19 [Roeux, Mount Pleasant Wood] May 10, 1917 | Digital Archive @ McMaster University Library', u'7', u'6']"
4894,"['No Results Found', 0, 0]"
4895,"[u'20.V22 [Banf House and Lekkerboterbeek River, East of Poelcappelle] December 5, 1917 | Digital Archive @ McMaster University Library', u'5', u'4']"
4896,"[u'36a.X16 [Touret, Merville Front] June 30, 1918 | Digital Archive @ McMaster University Library', u'6', u'4']"
4897,"[u'36.Q9 [Southeast Portion of Lille] September 25, 1916 | Digital Archive @ McMaster University Library', u'2', u'2']"
4898,"[u'Aerial photo, World War, 1914-1918; WW1 Trench Maps: France. December, 1917. | Digital Archive @ McMaster University Library', u'7', u'6']"
4899,"[u'Aerial photo, World War, 1914-1918; WW1 Trench Maps: France. July, 1918. | Digital Archive @ McMaster University Library', u'3', u'3']"
4900,"[u'Aerial photo, World War, 1914-1918; WW1 Trench Maps: France. December, 1917. | Digital Archive @ McMaster University Library', u'7', u'5']"
4901,"[u'Aerial photo, World War, 1914-1918; WW1 Trench Maps: France. | Digital Archive @ McMaster University Library', u'18', u'17']"
4902,"[u'Aerial photo, World War, 1914-1918; WW1 Trench Maps: France. October, 1918. | Digital Archive @ McMaster University Library', u'8', u'6']"
4903,"[u'Aerial photo, World War, 1914-1918; WW1 Trench Maps: France. July, 1918. | Digital Archive @ McMaster University Library', u'4', u'4']"
4904,"[u'57d.K36 [South of Serre, Northeast of Beaumont-Hamel] December 22, 1916 | Digital Archive @ McMaster University Library', u'4', u'4']"
4905,"[u'Aerial photo, World War, 1914-1918; WW1 Trench Maps: France. December, 1917. | Digital Archive @ McMaster University Library', u'4', u'3']"
4906,"[u'Aerial photo, World War, 1914-1918; WW1 Trench Maps: France. July, 1918. | Digital Archive @ McMaster University Library', u'3', u'3']"
4907,"[u'Aerial photo, World War, 1914-1918; Bois-des-Boches.. August, 1918. | Digital Archive @ McMaster University Library', u'18', u'8']"
4908,"[u'Aerial photo, World War, 1914-1918; WW1 Trench Maps: France. October, 1918. | Digital Archive @ McMaster University Library', u'12', u'10']"
4909,"[u'Aerial photo, World War, 1914-1918; WW1 Trench Maps: France. October, 1918. | Digital Archive @ McMaster University Library', u'7', u'6']"
4910,"[u'Aerial photo, World War, 1914-1918; WW1 Trench Maps: France. September, 1918. | Digital Archive @ McMaster University Library', u'11', u'10']"
4911,"['No Results Found', 0, 0]"
4912,"[u'36a.Q2 [Merville Front, Cornet Malo] May 9, 1918 | Digital Archive @ McMaster University Library', u'6', u'4']"
4913,"[u'27.X15 [Meteren] July 12, 1918 | Digital Archive @ McMaster University Library', u'7', u'4']"
4914,"[u'51b.W5 [Sauchy-Lestree] September 20, 1918. | Digital Archive @ McMaster University Library', u'6', u'3']"
4915,"[u'Aerial photo, World War, 1914-1918; WW1 Trench Maps: France. July, 1918. | Digital Archive @ McMaster University Library', u'19', u'11']"
4916,"[u'51b.U23 [Starfish, Bulldog, and Ostrich Trenches near Bullecourt] | Digital Archive @ McMaster University Library', u'11', u'8']"
4917,"[u'Aerial photo, World War, 1914-1918; WW1 Trench Maps: France. June, 1918. | Digital Archive @ McMaster University Library', u'6', u'6']"
4918,"[u'Aerial photo, World War, 1914-1918; Cologne Bridgehead.. December, 1918. | Digital Archive @ McMaster University Library', u'20', u'10']"
4919,"[u'57c.E3 [Bourlon, Deligny Mill and Quarry Wood] September 15, 1918 | Digital Archive @ McMaster University Library', u'19', u'11']"
4920,"[u'Aerial photo, World War, 1914-1918; WW1 Trench Maps: France. December, 1917. | Digital Archive @ McMaster University Library', u'5', u'4']"
4921,"[u'28.O32 [Messines] May 1, 1917 | Digital Archive @ McMaster University Library', u'10', u'9']"
4922,"[u'Aerial photo, World War, 1914-1918; WW1 Trench Maps: France. December, 1917. | Digital Archive @ McMaster University Library', u'5', u'4']"
4923,"[u'28.R8 [Menin] May 10, 1917 | Digital Archive @ McMaster University Library', u'7', u'6']"
4924,"[u'Aerial photo, World War, 1914-1918; WW1 Trench Maps: France. July, 1918. | Digital Archive @ McMaster University Library', u'6', u'4']"
4925,"[u'Aerial photo, World War, 1914-1918; WW1 Trench Maps: France. June, 1918. | Digital Archive @ McMaster University Library', u'8', u'5']"
4926,"[u'62d.R6 [Garenne Wood] August 9, 1918 | Digital Archive @ McMaster University Library', u'4', u'2']"
4927,"[u'51b.V9 [Cagnicourt] September 19, 1917 | Digital Archive @ McMaster University Library', u'10', u'4']"
4928,"[u'36.C29 [Houplines] April 24, 1917 | Digital Archive @ McMaster University Library', u'7', u'7']"
4929,"['No Results Found', 0, 0]"
4930,"[u'Aerial photo, World War, 1914-1918; Cologne Bridgehead.. January, 1919. | Digital Archive @ McMaster University Library', u'10', u'8']"
4931,"[u'Aerial photo, World War, 1914-1918; Wytschaete.. June, 1917. | Digital Archive @ McMaster University Library', u'10', u'7']"
4932,"[u'Aerial photo, World War, 1914-1918; WW1 Trench Maps: France. December, 1917. | Digital Archive @ McMaster University Library', u'4', u'3']"
4933,"[u'Aerial photo, World War, 1914-1918; WW1 Trench Maps: France. December, 1917. | Digital Archive @ McMaster University Library', u'4', u'3']"
4934,"['No Results Found', 0, 0]"
4935,"[u'20.P26 [Villers-lez-Cagnicourt] December 18, 1917 | Digital Archive @ McMaster University Library', u'4', u'4']"
4936,"[u'28. [Kezelberg] October 1, 1918 | Digital Archive @ McMaster University Library', u'4', u'3']"
4937,"[u'Aerial photo, World War, 1914-1918; WW1 Trench Maps: France. October, 1918. | Digital Archive @ McMaster University Library', u'10', u'8']"
4938,"['No Results Found', 0, 0]"
4939,"[u'20.O36 [Marechal Farm and Colombo House, Houthulst Forest] December 18, 1917 | Digital Archive @ McMaster University Library', u'2', u'2']"
4940,"[u'Aerial photo, World War, 1914-1918; WW1 Trench Maps: France. July, 1918. | Digital Archive @ McMaster University Library', u'10', u'7']"
4941,"[u'57d.W26 [Carey Trench, North of Meaulte] May 31, 1918 | Digital Archive @ McMaster University Library', u'8', u'6']"
4942,"[u'Aerial photo, World War, 1914-1918; WW1 Trench Maps: France. December, 1917. | Digital Archive @ McMaster University Library', u'6', u'4']"
4943,"[u'Aerial photo, World War, 1914-1918; WW1 Trench Maps: France. December, 1917. | Digital Archive @ McMaster University Library', u'10', u'9']"
4944,"[u'Aerial photo, World War, 1914-1918; WW1 Trench Maps: France. December, 1917. | Digital Archive @ McMaster University Library', u'9', u'7']"
4945,"[u'27.X14 [Meteren] July 17, 1918 | Digital Archive @ McMaster University Library', u'5', u'3']"
4946,"[u'Aerial photo, World War, 1914-1918; WW1 Trench Maps: France. | Digital Archive @ McMaster University Library', u'24', u'24']"
4947,"[u'Aerial photo, World War, 1914-1918; Vaire wood.. July, 1918. | Digital Archive @ McMaster University Library', u'11', u'9']"
4948,"[u'51b.P18 [Bullecourt] April 24, 1917 | Digital Archive @ McMaster University Library', u'16', u'12']"
4949,"[u'27.X9 [Meteren] July 4, 1918 | Digital Archive @ McMaster University Library', u'4', u'3']"
4950,"[u'Aerial photo, World War, 1914-1918; WW1 Trench Maps: France. October, 1918. | Digital Archive @ McMaster University Library', u'7', u'5']"
4951,"[u'Aerial photo, World War, 1914-1918; WW1 Trench Maps: France. October, 1918. | Digital Archive @ McMaster University Library', u'9', u'7']"
4952,"[u'Aerial photo, World War, 1914-1918; WW1 Trench Maps: France. March, 1918. | Digital Archive @ McMaster University Library', u'3', u'2']"
4953,"[u'20.X4 [East of Roulers] September 21, 1917 | Digital Archive @ McMaster University Library', u'1', u'1']"
4954,"[u'27.X15 [Meteren] June 29, 1918 | Digital Archive @ McMaster University Library', u'1', u'1']"
4955,"[u'Aerial photo, World War, 1914-1918; WW1 Trench Maps: France. May, 1918. | Digital Archive @ McMaster University Library', u'5', u'4']"
4956,"[u'Aerial photo, World War, 1914-1918; Wytschaete; Byron farm.. May, 1917. | Digital Archive @ McMaster University Library', u'7', u'6']"
4957,"[u'Aerial photo, World War, 1914-1918; Mericourt; Somme Canal; Cateaux Wood.. August, 1918. | Digital Archive @ McMaster University Library', u'11', u'8']"
4958,"['No Results Found', 0, 0]"
4959,"[u'Aerial photo, World War, 1914-1918; WW1 Trench Maps: France. July, 1918. | Digital Archive @ McMaster University Library', u'7', u'5']"
4960,"[u'Aerial photo, World War, 1914-1918; WW1 Trench Maps: France. December, 1917. | Digital Archive @ McMaster University Library', u'3', u'2']"
4961,"[u'Aerial photo, World War, 1914-1918; WW1 Trench Maps: France. December, 1917. | Digital Archive @ McMaster University Library', u'4', u'3']"
4962,"[u'51b.Q30 [Canal du Nord Near Sauchy-Cauchy] September 20, 1918 | Digital Archive @ McMaster University Library', u'5', u'3']"
4963,"[u'36c.U7 [Near Rouvroy, Southeast of Lens] October 15, 1917 | Digital Archive @ McMaster University Library', u'13', u'3']"
4964,"[u'Aerial photo, World War, 1914-1918; WW1 Trench Maps: France. October, 1918. | Digital Archive @ McMaster University Library', u'6', u'4']"
4965,"[u'Aerial photo, World War, 1914-1918; Ypres canal; Comines canal; La Bassee canal.. August, 1916. | Digital Archive @ McMaster University Library', u'27', u'23']"
4966,"[u'20.U6 [Angle Point] December 26, 1917 | Digital Archive @ McMaster University Library', u'2', u'2']"
4967,"[u'Aerial photo, World War, 1914-1918; WW1 Trench Maps: France. December, 1917. | Digital Archive @ McMaster University Library', u'17', u'16']"
4968,"[u'20.O36 [Marechal Farm, Houthulst Forest] December 26, 1917, c.1 | Digital Archive @ McMaster University Library', u'4', u'4']"
4969,"[u'Aerial photo, World War, 1914-1918; WW1 Trench Maps: France. December, 1917. | Digital Archive @ McMaster University Library', u'6', u'5']"
4970,"[u'Aerial photo, World War, 1914-1918; Ypres Salient.. January, 1918. | Digital Archive @ McMaster University Library', u'18', u'13']"
4971,"[u'36.K12 [le Quesne, Northeast of Lille] May 1, 1917 | Digital Archive @ McMaster University Library', u'3', u'3']"
4972,"[u'Aerial photo, World War, 1914-1918; WW1 Trench Maps: France. December, 1917. | Digital Archive @ McMaster University Library', u'5', u'4']"
4973,"[u'Aerial photo, World War, 1914-1918; WW1 Trench Maps: France. May, 1918. | Digital Archive @ McMaster University Library', u'7', u'6']"
4974,"[u'27.X13 [Moolenacker and les Ormes West of Meteren] June 29, 1918 | Digital Archive @ McMaster University Library', u'13', u'8']"
4975,"[u'51b.Q30 [Canal du Nord Near Oisy le Verger] September 20, 1918 | Digital Archive @ McMaster University Library', u'4', u'2']"
4976,"[u'28.J21 [Tower Hamlets and Lewis House, West of Gheluvelt] October 17, 1917 | Digital Archive @ McMaster University Library', u'3', u'2']"
4977,"[u'51b.V14 [Cagnicourt] December 29, 1917 | Digital Archive @ McMaster University Library', u'3', u'3']"
4978,"[u'36c.U7 [Rouvroy, Southeast of Lens] October 15, 1917 | Digital Archive @ McMaster University Library', u'9', u'5']"
4979,"[u'Aerial photo, World War, 1914-1918; Weldergoven, Germany; Cologne Bridgehead.. January, 1919. | Digital Archive @ McMaster University Library', u'8', u'4']"
4980,"[u'Aerial photo, World War, 1914-1918; WW1 Trench Maps: France. March, 1917. | Digital Archive @ McMaster University Library', u'5', u'4']"
4981,"[u'Aerial photo, World War, 1914-1918; Ypres.. January, 1917. | Digital Archive @ McMaster University Library', u'3', u'2']"
4982,"[u'Aerial photo, World War, 1914-1918; WW1 Trench Maps: France. July, 1918. | Digital Archive @ McMaster University Library', u'7', u'6']"
4983,"[u'Aerial photo, World War, 1914-1918; WW1 Trench Maps: France. July, 1918. | Digital Archive @ McMaster University Library', u'15', u'14']"
4984,"[u'Aerial photo, World War, 1914-1918; Ypres.. January, 1917. | Digital Archive @ McMaster University Library', u'9', u'9']"
4985,"[u'Aerial photo, World War, 1914-1918; WW1 Trench Maps: France. June, 1918. | Digital Archive @ McMaster University Library', u'4', u'4']"
4986,"[u'20.P19 [Brabant Crossroads, Houthulst Forest] January 3, 1918 | Digital Archive @ McMaster University Library', u'3', u'2']"
4987,"[u'Aerial photo, World War, 1914-1918; WW1 Trench Maps: France. June, 1918. | Digital Archive @ McMaster University Library', u'3', u'3']"
4988,"[u'Aerial photo, World War, 1914-1918; Cologne Bridgehead.. January, 1919. | Digital Archive @ McMaster University Library', u'6', u'4']"
4989,"[u'Aerial photo, World War, 1914-1918; WW1 Trench Maps: France. June, 1918. | Digital Archive @ McMaster University Library', u'5', u'5']"
4990,"[u'Aerial photo, World War, 1914-1918; WW1 Trench Maps: France. January, 1918. | Digital Archive @ McMaster University Library', u'10', u'8']"
4991,"[u'Aerial photo, World War, 1914-1918; WW1 Trench Maps: France. December, 1917. | Digital Archive @ McMaster University Library', u'4', u'3']"
4992,"[u'Aerial photo, World War, 1914-1918; WW1 Trench Maps: France. January, 1918. | Digital Archive @ McMaster University Library', u'5', u'3']"
4993,"[u'57d.W20 [Albert] April 21, 1918 | Digital Archive @ McMaster University Library', u'6', u'5']"
4994,"[u'Aerial photo, World War, 1914-1918; WW1 Trench Maps: France. September, 1917. | Digital Archive @ McMaster University Library', u'8', u'7']"
4995,"[u'Aerial photo, World War, 1914-1918; WW1 Trench Maps: France. July, 1917. | Digital Archive @ McMaster University Library', u'11', u'8']"
4996,"[u'Aerial photo, World War, 1914-1918; Cologne Bridgehead.. January, 1919. | Digital Archive @ McMaster University Library', u'6', u'3']"
