filename_in,filename_out
84412.tiff,UofA_WW2_Italy_50k_001A_II.tif
84413.tiff,UofA_WW2_Italy_50k_001A_III.tif
84414.tiff,UofA_WW2_Italy_50k_001_II.tif
84415.tiff,UofA_WW2_Italy_50k_001_III.tif
84416.tiff,UofA_WW2_Italy_50k_002_II.tif
84417.tiff,UofA_WW2_Italy_50k_003_I.tif
84418.tiff,UofA_WW2_Italy_50k_003_II.tif
84419.tiff,UofA_WW2_Italy_50k_003_III.tif
84420.tiff,UofA_WW2_Italy_50k_003_IV.tif
84421.tiff,UofA_WW2_Italy_50k_004A_I.tif
84422.tiff,UofA_WW2_Italy_50k_004A_II.tif
84423.tiff,UofA_WW2_Italy_50k_004A_III.tif
84428.tiff,UofA_WW2_Italy_50k_004A_IV.tif
84429.tiff,UofA_WW2_Italy_50k_004B_I.tif
84430.tiff,UofA_WW2_Italy_50k_004B_II.tif
84431.tiff,UofA_WW2_Italy_50k_004B_III.tif
84436.tiff,UofA_WW2_Italy_50k_006_II.tif
84437.tiff,UofA_WW2_Italy_50k_007_III.tif
84438.tiff,UofA_WW2_Italy_50k_008_I.tif
84439.tiff,UofA_WW2_Italy_50k_008_II.tif
84440.tiff,UofA_WW2_Italy_50k_267_IV.tif
84441.tiff,UofA_WW2_Italy_50k_268_I.tif
84442.tiff,UofA_WW2_Italy_50k_268_II.tif
84443.tiff,UofA_WW2_Italy_50k_268_III.tif
84444.tiff,UofA_WW2_Italy_50k_266_IV.tif
84445.tiff,UofA_WW2_Italy_50k_267_I.tif
84446.tiff,UofA_WW2_Italy_50k_267_II.tif
84447.tiff,UofA_WW2_Italy_50k_267_III.tif
84449.tiff,UofA_WW2_Italy_50k_004B_IV.tif
84450.tiff,UofA_WW2_Italy_50k_004C_III.tif
84451.tiff,UofA_WW2_Italy_50k_004_I.tif
84452.tiff,UofA_WW2_Italy_50k_004_II.tif
84453.tiff,UofA_WW2_Italy_50k_004_III.tif
84454.tiff,UofA_WW2_Italy_50k_004_IV.tif
84455.tiff,UofA_WW2_Italy_50k_005_II.tif
84456.tiff,UofA_WW2_Italy_50k_006_I.tif
84457.tiff,UofA_WW2_Italy_50k_008_III.tif
84458.tiff,UofA_WW2_Italy_50k_008_IV.tif
84459.tiff,UofA_WW2_Italy_50k_009_I.tif
84460.tiff,UofA_WW2_Italy_50k_009_II.tif
84465.tiff,UofA_WW2_Italy_50k_009_III.tif
84466.tiff,UofA_WW2_Italy_50k_009_IV.tif
84467.tiff,UofA_WW2_Italy_50k_010_I.tif
84468.tiff,UofA_WW2_Italy_50k_010_II.tif
84469.tiff,UofA_WW2_Italy_50k_010_III.tif
84470.tiff,UofA_WW2_Italy_50k_010_IV.tif
84471.tiff,UofA_WW2_Italy_50k_011_I.tif
84472.tiff,UofA_WW2_Italy_50k_011_II.tif
84473.tiff,UofA_WW2_Italy_50k_012_IV.tif
84474.tiff,UofA_WW2_Italy_50k_013_I.tif
84475.tiff,UofA_WW2_Italy_50k_013_II.tif
84476.tiff,UofA_WW2_Italy_50k_013_III.tif
84477.tiff,UofA_WW2_Italy_50k_014A_IV.tif
84478.tiff,UofA_WW2_Italy_50k_014_I.tif
84479.tiff,UofA_WW2_Italy_50k_014_II.tif
84480.tiff,UofA_WW2_Italy_50k_014_III.tif
84482.tiff,UofA_WW2_Italy_50k_011_III.tif
84483.tiff,UofA_WW2_Italy_50k_011_IV.tif
84484.tiff,UofA_WW2_Italy_50k_012_I.tif
84485.tiff,UofA_WW2_Italy_50k_012_II.tif
84486.tiff,UofA_WW2_Italy_50k_015_IV.tif
84487.tiff,UofA_WW2_Italy_50k_016_II.tif
84488.tiff,UofA_WW2_Italy_50k_016_III.tif
84489.tiff,UofA_WW2_Italy_50k_016_IV.tif
84490.tiff,UofA_WW2_Italy_50k_013_IV.tif
84491.tiff,UofA_WW2_Italy_50k_014A_I.tif
84492.tiff,UofA_WW2_Italy_50k_014A_II.tif
84493.tiff,UofA_WW2_Italy_50k_014A_III.tif
84494.tiff,UofA_WW2_Italy_50k_018_II.tif
84495.tiff,UofA_WW2_Italy_50k_018_III.tif
84496.tiff,UofA_WW2_Italy_50k_018_IV.tif
84497.tiff,UofA_WW2_Italy_50k_018_I_and_7_II.tif
84498.tiff,UofA_WW2_Italy_50k_014_IV.tif
84499.tiff,UofA_WW2_Italy_50k_015_I.tif
84500.tiff,UofA_WW2_Italy_50k_015_II.tif
84501.tiff,UofA_WW2_Italy_50k_015_III.tif
84502.tiff,UofA_WW2_Italy_50k_020_III.tif
84503.tiff,UofA_WW2_Italy_50k_020_IV.tif
84504.tiff,UofA_WW2_Italy_50k_022_I.tif
84505.tiff,UofA_WW2_Italy_50k_022_II.tif
84506.tiff,UofA_WW2_Italy_50k_023_III.tif
84507.tiff,UofA_WW2_Italy_50k_023_IV.tif
84508.tiff,UofA_WW2_Italy_50k_024_II.tif
84509.tiff,UofA_WW2_Italy_50k_024_III.tif
84510.tiff,UofA_WW2_Italy_50k_017_I.tif
84511.tiff,UofA_WW2_Italy_50k_017_II.tif
84512.tiff,UofA_WW2_Italy_50k_017_III.tif
84513.tiff,UofA_WW2_Italy_50k_017_IV.tif
84514.tiff,UofA_WW2_Italy_50k_019_I.tif
84515.tiff,UofA_WW2_Italy_50k_019_II.tif
84516.tiff,UofA_WW2_Italy_50k_019_III.tif
84517.tiff,UofA_WW2_Italy_50k_019_IV.tif
84518.tiff,UofA_WW2_Italy_50k_022_III.tif
84519.tiff,UofA_WW2_Italy_50k_022_IV.tif
84520.tiff,UofA_WW2_Italy_50k_023_I.tif
84521.tiff,UofA_WW2_Italy_50k_023_II.tif
84522.tiff,UofA_WW2_Italy_50k_026_I.tif
84523.tiff,UofA_WW2_Italy_50k_026_III.tif
84524.tiff,UofA_WW2_Italy_50k_026_IV.tif
84525.tiff,UofA_WW2_Italy_50k_028_I.tif
84526.tiff,UofA_WW2_Italy_50k_024_IV.tif
84527.tiff,UofA_WW2_Italy_50k_025_II.tif
84528.tiff,UofA_WW2_Italy_50k_025_III.tif
84529.tiff,UofA_WW2_Italy_50k_025_IV.tif
84530.tiff,UofA_WW2_Italy_50k_031_IV.tif
84532.tiff,UofA_WW2_Italy_50k_032_III.tif
84533.tiff,UofA_WW2_Italy_50k_032_IV.tif
84534.tiff,UofA_WW2_Italy_50k_028_II.tif
84535.tiff,UofA_WW2_Italy_50k_029_I.tif
84538.tiff,UofA_WW2_Italy_50k_029_IV.tif
84539.tiff,UofA_WW2_Italy_50k_030_I.tif
84540.tiff,UofA_WW2_Italy_50k_030_II.tif
84541.tiff,UofA_WW2_Italy_50k_030_III.tif
84542.tiff,UofA_WW2_Italy_50k_032_II.tif
84544.tiff,UofA_WW2_Italy_50k_030_IV.tif
84545.tiff,UofA_WW2_Italy_50k_031_I.tif
84546.tiff,UofA_WW2_Italy_50k_031_II.tif
84547.tiff,UofA_WW2_Italy_50k_031_III.tif
84548.tiff,UofA_WW2_Italy_50k_034_I.tif
84549.tiff,UofA_WW2_Italy_50k_034_III.tif
84550.tiff,UofA_WW2_Italy_50k_034_IV.tif
84551.tiff,UofA_WW2_Italy_50k_036_III.tif
84552.tiff,UofA_WW2_Italy_50k_029_II.tif
84553.tiff,UofA_WW2_Italy_50k_029_III.tif
84554.tiff,UofA_WW2_Italy_50k_038_I.tif
84555.tiff,UofA_WW2_Italy_50k_038_II.tif
84556.tiff,UofA_WW2_Italy_50k_038_III.tif
84557.tiff,UofA_WW2_Italy_50k_038_IV.tif
84558.tiff,UofA_WW2_Italy_50k_040A_II.tif
84559.tiff,UofA_WW2_Italy_50k_040A_III.tif
84560.tiff,UofA_WW2_Italy_50k_040A_IV_amer.tif
84561.tiff,UofA_WW2_Italy_50k_040A_IV_ita.tif
84562.tiff,UofA_WW2_Italy_50k_033_I.tif
84563.tiff,UofA_WW2_Italy_50k_033_II.tif
84564.tiff,UofA_WW2_Italy_50k_033_III.tif
84565.tiff,UofA_WW2_Italy_50k_033_IV.tif
84566.tiff,UofA_WW2_Italy_50k_041_II.tif
84567.tiff,UofA_WW2_Italy_50k_041_IV.tif
84568.tiff,UofA_WW2_Italy_50k_042_I.tif
84569.tiff,UofA_WW2_Italy_50k_042_II.tif
84570.tiff,UofA_WW2_Italy_50k_043_III.tif
84571.tiff,UofA_WW2_Italy_50k_043_IV.tif
84572.tiff,UofA_WW2_Italy_50k_044_I.tif
84573.tiff,UofA_WW2_Italy_50k_044_II.tif
84574.tiff,UofA_WW2_Italy_50k_036_IV.tif
84575.tiff,UofA_WW2_Italy_50k_037_I.tif
84576.tiff,UofA_WW2_Italy_50k_037_II.tif
84577.tiff,UofA_WW2_Italy_50k_037_IV.tif
84578.tiff,UofA_WW2_Italy_50k_045_III.tif
84579.tiff,UofA_WW2_Italy_50k_045_IV.tif
84580.tiff,UofA_WW2_Italy_50k_046_II.tif
84581.tiff,UofA_WW2_Italy_50k_046_IV.tif
84582.tiff,UofA_WW2_Italy_50k_048_III.tif
84583.tiff,UofA_WW2_Italy_50k_048_IV.tif
84584.tiff,UofA_WW2_Italy_50k_049_I.tif
84585.tiff,UofA_WW2_Italy_50k_049_II.tif
84586.tiff,UofA_WW2_Italy_50k_039_I.tif
84587.tiff,UofA_WW2_Italy_50k_039_II.tif
84588.tiff,UofA_WW2_Italy_50k_039_III.tif
84589.tiff,UofA_WW2_Italy_50k_039_IV.tif
84590.tiff,UofA_WW2_Italy_50k_050_III.tif
84591.tiff,UofA_WW2_Italy_50k_050_IV.tif
84592.tiff,UofA_WW2_Italy_50k_051_I.tif
84593.tiff,UofA_WW2_Italy_50k_051_II.tif
84594.tiff,UofA_WW2_Italy_50k_053A_I.tif
84595.tiff,UofA_WW2_Italy_50k_053A_II.tif
84596.tiff,UofA_WW2_Italy_50k_053A_III.tif
84597.tiff,UofA_WW2_Italy_50k_053A_IV.tif
84598.tiff,UofA_WW2_Italy_50k_042_III.tif
84599.tiff,UofA_WW2_Italy_50k_042_IV.tif
84600.tiff,UofA_WW2_Italy_50k_043_I.tif
84601.tiff,UofA_WW2_Italy_50k_043_II.tif
84602.tiff,UofA_WW2_Italy_50k_056_IV_ita.tif
84603.tiff,UofA_WW2_Italy_50k_057_I.tif
84604.tiff,UofA_WW2_Italy_50k_057_II.tif
84605.tiff,UofA_WW2_Italy_50k_057_III.tif
84606.tiff,UofA_WW2_Italy_50k_058_IV.tif
84607.tiff,UofA_WW2_Italy_50k_059_I.tif
84608.tiff,UofA_WW2_Italy_50k_059_II.tif
84609.tiff,UofA_WW2_Italy_50k_059_III.tif
84610.tiff,UofA_WW2_Italy_50k_040B_I.tif
84611.tiff,UofA_WW2_Italy_50k_040_II.tif
84612.tiff,UofA_WW2_Italy_50k_040_III.tif
84613.tiff,UofA_WW2_Italy_50k_040_IV.tif
84614.tiff,UofA_WW2_Italy_50k_041_I.tif
84615.tiff,UofA_WW2_Italy_50k_265_IV.tif
84616.tiff,UofA_WW2_Italy_50k_266_I.tif
84617.tiff,UofA_WW2_Italy_50k_266_II_and_IIA.tif
84618.tiff,UofA_WW2_Italy_50k_266_III.tif
84619.tiff,UofA_WW2_Italy_50k_263_I.tif
84620.tiff,UofA_WW2_Italy_50k_263_IV.tif
84621.tiff,UofA_WW2_Italy_50k_264_IV.tif
84622.tiff,UofA_WW2_Italy_50k_265_I.tif
84623.tiff,UofA_WW2_Italy_50k_053_IV.tif
84624.tiff,UofA_WW2_Italy_50k_055_I.tif
84625.tiff,UofA_WW2_Italy_50k_055_II.tif
84626.tiff,UofA_WW2_Italy_50k_056_I.tif
84627.tiff,UofA_WW2_Italy_50k_060_IV.tif
84628.tiff,UofA_WW2_Italy_50k_061_I.tif
84629.tiff,UofA_WW2_Italy_50k_061_II.tif
84630.tiff,UofA_WW2_Italy_50k_061_III.tif
84631.tiff,UofA_WW2_Italy_50k_063_I.tif
84632.tiff,UofA_WW2_Italy_50k_063_II.tif
84634.tiff,Uofa_WW2_Italy_50k_063_III.tif
84635.tiff,UofA_WW2_Italy_50k_063_IV.tif
84636.tiff,UofA_WW2_Italy_50k_065A_II.tif
84637.tiff,UofA_WW2_Italy_50k_065B_III.tif
84638.tiff,UofA_WW2_Italy_50k_065_I.tif
84639.tiff,UofA_WW2_Italy_50k_065_II.tif
84640.tiff,UofA_WW2_Italy_50k_068_II.tif
84641.tiff,UofA_WW2_Italy_50k_068_III.tif
84642.tiff,UofA_WW2_Italy_50k_068_IV.tif
84643.tiff,UofA_WW2_Italy_50k_069_I.tif
84644.tiff,UofA_WW2_Italy_50k_070_II.tif
84645.tiff,UofA_WW2_Italy_50k_070_III.tif
84646.tiff,UofA_WW2_Italy_50k_070_IV.tif
84647.tiff,UofA_WW2_Italy_50k_071_I.tif
84648.tiff,UofA_WW2_Italy_50k_072_II.tif
84649.tiff,UofA_WW2_Italy_50k_072_III.tif
84650.tiff,UofA_WW2_Italy_50k_075_III.tif
84651.tiff,UofA_WW2_Italy_50k_079_III.tif
84652.tiff,UofA_WW2_Italy_50k_044_III.tif
84653.tiff,UofA_WW2_Italy_50k_044_IV.tif
84655.tiff,UofA_WW2_Italy_50k_045_II.tif
84656.tiff,UofA_WW2_Italy_50k_090_II.tif
84657.tiff,UofA_WW2_Italy_50k_091_II.tif
84658.tiff,UofA_WW2_Italy_50k_092_I.tif
84659.tiff,UofA_WW2_Italy_50k_092_II.tif
84660.tiff,UofA_WW2_Italy_50k_144_III.tif
84661.tiff,UofA_WW2_Italy_50k_144_IV.tif
84662.tiff,UofA_WW2_Italy_50k_145_I.tif
84663.tiff,UofA_WW2_Italy_50k_145_II.tif
84665.tiff,UofA_WW2_Italy_50k_047_III.tif
84666.tiff,UofA_WW2_Italy_50k_047_IV.tif
84667.tiff,UofA_WW2_Italy_50k_048_II.tif
84668.tiff,UofA_WW2_Italy_50k_148_II.tif
84669.tiff,UofA_WW2_Italy_50k_148_III.tif
84670.tiff,UofA_WW2_Italy_50k_148_IV.tif
84671.tiff,UofA_WW2_Italy_50k_150_I.tif
84672.tiff,UofA_WW2_Italy_50k_151_III.tif
84673.tiff,UofA_WW2_Italy_50k_151_IV.tif
84674.tiff,UofA_WW2_Italy_50k_152_I.tif
84675.tiff,UofA_WW2_Italy_50k_152_II.tif
84676.tiff,UofA_WW2_Italy_50k_045_I.tif
84677.tiff,UofA_WW2_Italy_50k_153_III.tif
84678.tiff,UofA_WW2_Italy_50k_153_IV.tif
84679.tiff,UofA_WW2_Italy_50k_154_I.tif
84680.tiff,UofA_WW2_Italy_50k_154_II.tif
84681.tiff,UofA_WW2_Italy_50k_155_III.tif
84682.tiff,UofA_WW2_Italy_50k_155_IV.tif
84683.tiff,UofA_WW2_Italy_50k_156_I.tif
84684.tiff,UofA_WW2_Italy_50k_156_II.tif
84685.tiff,UofA_WW2_Italy_50k_049_III.tif
84686.tiff,UofA_WW2_Italy_50k_049_IV.tif
84687.tiff,UofA_WW2_Italy_50k_050_I.tif
84688.tiff,UofA_WW2_Italy_50k_050_II.tif
84689.tiff,UofA_WW2_Italy_50k_158_IV.tif
84690.tiff,UofA_WW2_Italy_50k_159_I.tif
84691.tiff,UofA_WW2_Italy_50k_159_II.tif
84692.tiff,UofA_WW2_Italy_50k_159_III.tif
84693.tiff,UofA_WW2_Italy_50k_160_IV.tif
84694.tiff,UofA_WW2_Italy_50k_161_I.tif
84695.tiff,UofA_WW2_Italy_50k_161_II.tif
84696.tiff,UofA_WW2_Italy_50k_161_III.tif
84697.tiff,UofA_WW2_Italy_50k_051_IV.tif
84698.tiff,UofA_WW2_Italy_50k_052_I.tif
84699.tiff,UofA_WW2_Italy_50k_052_III.tif
84700.tiff,UofA_WW2_Italy_50k_052_IV.tif
84701.tiff,UofA_WW2_Italy_50k_053B_I.tif
84702.tiff,UofA_WW2_Italy_50k_053B_III.tif
84703.tiff,UofA_WW2_Italy_50k_053C_III.tif
84704.tiff,UofA_WW2_Italy_50k_053C_IV.tif
84705.tiff,UofA_WW2_Italy_50k_162_IV.tif
84706.tiff,UofA_WW2_Italy_50k_163_I.tif
84707.tiff,UofA_WW2_Italy_50k_163_II.tif
84708.tiff,UofA_WW2_Italy_50k_163_IV.tif
84709.tiff,UofA_WW2_Italy_50k_168_I.tif
84710.tiff,UofA_WW2_Italy_50k_168_II.tif
84711.tiff,UofA_WW2_Italy_50k_168_III.tif
84712.tiff,UofA_WW2_Italy_50k_168_IV.tif
84713.tiff,UofA_WW2_Italy_50k_172_I.tif
84714.tiff,UofA_WW2_Italy_50k_172_II.tif
84715.tiff,UofA_WW2_Italy_50k_172_III.tif
84716.tiff,UofA_WW2_Italy_50k_172_IV.tif
84717.tiff,UofA_WW2_Italy_50k_173_IV.tif
84718.tiff,UofA_WW2_Italy_50k_174_I.tif
84719.tiff,UofA_WW2_Italy_50k_174_II.tif
84720.tiff,UofA_WW2_Italy_50k_174_III.tif
84721.tiff,UofA_WW2_Italy_50k_056_II.tif
84722.tiff,UofA_WW2_Italy_50k_056_III_amer.tif
84723.tiff,UofA_WW2_Italy_50k_056_III_ita.tif
84724.tiff,UofA_WW2_Italy_50k_056_IV_amer.tif
84725.tiff,UofA_WW2_Italy_50k_176_I.tif
84726.tiff,UofA_WW2_Italy_50k_176_II.tif
84727.tiff,UofA_WW2_Italy_50k_176_III.tif
84728.tiff,UofA_WW2_Italy_50k_176_IV.tif
84729.tiff,UofA_WW2_Italy_50k_179_II.tif
84730.tiff,UofA_WW2_Italy_50k_179_III.tif
84731.tiff,UofA_WW2_Italy_50k_180_I.tif
84732.tiff,UofA_WW2_Italy_50k_180_II.tif
84733.tiff,UofA_WW2_Italy_50k_181_III.tif
84734.tiff,UofA_WW2_Italy_50k_181_IV.tif
84735.tiff,UofA_WW2_Italy_50k_182_I.tif
84736.tiff,UofA_WW2_Italy_50k_182_II.tif
84737.tiff,UofA_WW2_Italy_50k_184_II.tif
84738.tiff,UofA_WW2_Italy_50k_184_III.tif
84739.tiff,UofA_WW2_Italy_50k_184_IV.tif
84740.tiff,UofA_WW2_Italy_50k_185_I.tif
84741.tiff,UofA_WW2_Italy_50k_057_IV.tif
84742.tiff,UofA_WW2_Italy_50k_058_I.tif
84743.tiff,UofA_WW2_Italy_50k_058_II.tif
84744.tiff,UofA_WW2_Italy_50k_058_III.tif
84745.tiff,UofA_WW2_Italy_50k_059_IV.tif
84746.tiff,UofA_WW2_Italy_50k_060_I.tif
84747.tiff,UofA_WW2_Italy_50k_060_II.tif
84748.tiff,UofA_WW2_Italy_50k_060_III.tif
84749.tiff,UofA_WW2_Italy_50k_186_III.tif
84750.tiff,UofA_WW2_Italy_50k_186_IV.tif
84751.tiff,UofA_WW2_Italy_50k_187_I.tif
84752.tiff,UofA_WW2_Italy_50k_187_II.tif
84753.tiff,UofA_WW2_Italy_50k_188_III.tif
84754.tiff,UofA_WW2_Italy_50k_188_IV.tif
84755.tiff,UofA_WW2_Italy_50k_189_I.tif
84756.tiff,UofA_WW2_Italy_50k_189_II.tif
84757.tiff,UofA_WW2_Italy_50k_061_IV.tif
84758.tiff,UofA_WW2_Italy_50k_062_II.tif
84759.tiff,UofA_WW2_Italy_50k_062_III.tif
84760.tiff,UofA_WW2_Italy_50k_062_IV.tif
84761.tiff,UofA_WW2_Italy_50k_064_I.tif
84762.tiff,UofA_WW2_Italy_50k_064_II.tif
84763.tiff,UofA_WW2_Italy_50k_064_III.tif
84764.tiff,UofA_WW2_Italy_50k_064_IV.tif
84765.tiff,UofA_WW2_Italy_50k_191_III.tif
84766.tiff,UofA_WW2_Italy_50k_192_I.tif
84767.tiff,UofA_WW2_Italy_50k_192_II.tif
84768.tiff,UofA_WW2_Italy_50k_192_IV.tif
84769.tiff,UofA_WW2_Italy_50k_194_I.tif
84770.tiff,UofA_WW2_Italy_50k_194_II.tif
84771.tiff,UofA_WW2_Italy_50k_194_III.tif
84772.tiff,UofA_WW2_Italy_50k_194_IV.tif
84773.tiff,UofA_WW2_Italy_50k_197_I.tif
84774.tiff,UofA_WW2_Italy_50k_197_IV.tif
84775.tiff,UofA_WW2_Italy_50k_198_I.tif
84776.tiff,UofA_WW2_Italy_50k_198_II.tif
84777.tiff,UofA_WW2_Italy_50k_069_II.tif
84778.tiff,UofA_WW2_Italy_50k_069_III.tif
84779.tiff,UofA_WW2_Italy_50k_069_IV.tif
84780.tiff,UofA_WW2_Italy_50k_070_I.tif
84781.tiff,UofA_WW2_Italy_50k_071_II.tif
84782.tiff,UofA_WW2_Italy_50k_071_III.tif
84783.tiff,UofA_WW2_Italy_50k_071_IV.tif
84784.tiff,UofA_WW2_Italy_50k_072_I.tif
84785.tiff,UofA_WW2_Italy_50k_065_III.tif
84786.tiff,UofA_WW2_Italy_50k_065_IV.tif
84787.tiff,UofA_WW2_Italy_50k_067_III.tif
84788.tiff,UofA_WW2_Italy_50k_068_I.tif
84789.tiff,UofA_WW2_Italy_50k_080_I.tif
84790.tiff,UofA_WW2_Italy_50k_081_I.tif
84791.tiff,UofA_WW2_Italy_50k_089_III.tif
84792.tiff,UofA_WW2_Italy_50k_089_IV.tif
84793.tiff,UofA_WW2_Italy_50k_092_III.tif
84794.tiff,UofA_WW2_Italy_50k_140_III.tif
84795.tiff,UofA_WW2_Italy_50k_142_II.tif
84796.tiff,UofA_WW2_Italy_50k_143_I.tif
84797.tiff,UofA_WW2_Italy_50k_262_II.tif
84798.tiff,UofA_WW2_Italy_50k_262_III_eng.tif
84799.tiff,UofA_WW2_Italy_50k_262_III_ita.tif
84800.tiff,UofA_WW2_Italy_50k_262_IV.tif
84801.tiff,UofA_WW2_Italy_50k_199_IV.tif
84802.tiff,UofA_WW2_Italy_50k_200_I.tif
84803.tiff,UofA_WW2_Italy_50k_200_II.tif
84804.tiff,UofA_WW2_Italy_50k_200_III.tif
84805.tiff,UofA_WW2_Italy_50k_201_IV.tif
84806.tiff,UofA_WW2_Italy_50k_202_I.tif
84807.tiff,UofA_WW2_Italy_50k_202_II.tif
84808.tiff,UofA_WW2_Italy_50k_202_III.tif
84809.tiff,UofA_WW2_Italy_50k_204_IV.tif
84810.tiff,UofA_WW2_Italy_50k_205_I.tif
84811.tiff,UofA_WW2_Italy_50k_205_II.tif
84812.tiff,UofA_WW2_Italy_50k_206_I.tif
84813.tiff,UofA_WW2_Italy_50k_207_II.tif
84814.tiff,UofA_WW2_Italy_50k_207_III.tif
84815.tiff,UofA_WW2_Italy_50k_207_IV.tif
84816.tiff,UofA_WW2_Italy_50k_208_II.tif
84817.tiff,UofA_WW2_Italy_50k_145_IV.tif
84818.tiff,UofA_WW2_Italy_50k_147_II.tif
84819.tiff,UofA_WW2_Italy_50k_147_III.tif
84820.tiff,UofA_WW2_Italy_50k_147_IV.tif
84821.tiff,UofA_WW2_Italy_50k_210_I.tif
84822.tiff,UofA_WW2_Italy_50k_210_II.tif
84823.tiff,UofA_WW2_Italy_50k_211_I.tif
84824.tiff,UofA_WW2_Italy_50k_211_II.tif
84825.tiff,UofA_WW2_Italy_50k_212_IV.tif
84826.tiff,UofA_WW2_Italy_50k_213_IV.tif
84827.tiff,UofA_WW2_Italy_50k_214_II.tif
84828.tiff,UofA_WW2_Italy_50k_214_III.tif
84829.tiff,UofA_WW2_Italy_50k_150_II.tif
84830.tiff,UofA_WW2_Italy_50k_150_III.tif
84831.tiff,UofA_WW2_Italy_50k_151_I.tif
84832.tiff,UofA_WW2_Italy_50k_151_II.tif
84833.tiff,UofA_WW2_Italy_50k_217_II.tif
84834.tiff,UofA_WW2_Italy_50k_217_III.tif
84835.tiff,UofA_WW2_Italy_50k_217_IV.tif
84836.tiff,UofA_WW2_Italy_50k_218_I.tif
84837.tiff,UofA_WW2_Italy_50k_219_IV.tif
84838.tiff,UofA_WW2_Italy_50k_220_II.tif
84839.tiff,UofA_WW2_Italy_50k_220_I_and_IV.tif
84840.tiff,UofA_WW2_Italy_50k_221_I.tif
84841.tiff,UofA_WW2_Italy_50k_152_III.tif
84842.tiff,UofA_WW2_Italy_50k_152_IV.tif
84843.tiff,UofA_WW2_Italy_50k_153_I.tif
84844.tiff,UofA_WW2_Italy_50k_153_II.tif
84845.tiff,UofA_WW2_Italy_50k_222_IV.tif
84846.tiff,UofA_WW2_Italy_50k_223_IV.tif
84847.tiff,UofA_WW2_Italy_50k_226_I.tif
84848.tiff,UofA_WW2_Italy_50k_226_II.tif
84849.tiff,UofA_WW2_Italy_50k_228_I.tif
84850.tiff,UofA_WW2_Italy_50k_229_I.tif
84851.tiff,UofA_WW2_Italy_50k_229_III.tif
84852.tiff,UofA_WW2_Italy_50k_230_III.tif
84853.tiff,UofA_WW2_Italy_50k_154_III.tif
84854.tiff,UofA_WW2_Italy_50k_154_IV.tif
84855.tiff,UofA_WW2_Italy_50k_155_I.tif
84856.tiff,UofA_WW2_Italy_50k_155_II.tif
84857.tiff,UofA_WW2_Italy_50k_236_III.tif
84858.tiff,UofA_WW2_Italy_50k_236_IV.tif
84859.tiff,UofA_WW2_Italy_50k_237_I.tif
84860.tiff,UofA_WW2_Italy_50k_237_II.tif
84861.tiff,UofA_WW2_Italy_50k_241_I.tif
84862.tiff,UofA_WW2_Italy_50k_241_II.tif
84863.tiff,UofA_WW2_Italy_50k_241_III.tif
84864.tiff,UofA_WW2_Italy_50k_242_I.tif
84865.tiff,UofA_WW2_Italy_50k_156_III.tif
84866.tiff,UofA_WW2_Italy_50k_158_I.tif
84867.tiff,UofA_WW2_Italy_50k_158_II.tif
84868.tiff,UofA_WW2_Italy_50k_158_III.tif
84869.tiff,UofA_WW2_Italy_50k_159_IV.tif
84870.tiff,UofA_WW2_Italy_50k_160_I.tif
84871.tiff,UofA_WW2_Italy_50k_160_II.tif
84872.tiff,UofA_WW2_Italy_50k_160_III.tif
84873.tiff,UofA_WW2_Italy_50k_244_II.tif
84874.tiff,UofA_WW2_Italy_50k_244_III.tif
84875.tiff,UofA_WW2_Italy_50k_244_IV.tif
84876.tiff,UofA_WW2_Italy_50k_245_II.tif
84877.tiff,UofA_WW2_Italy_50k_161_IV.tif
84878.tiff,UofA_WW2_Italy_50k_162_I.tif
84879.tiff,UofA_WW2_Italy_50k_162_II.tif
84880.tiff,UofA_WW2_Italy_50k_162_III.tif
84881.tiff,UofA_WW2_Italy_50k_247_III.tif
84882.tiff,UofA_WW2_Italy_50k_247_IV.tif
84883.tiff,UofA_WW2_Italy_50k_248_I.tif
84884.tiff,UofA_WW2_Italy_50k_248_II.tif
84885.tiff,UofA_WW2_Italy_50k_249_IV.tif
84886.tiff,UofA_WW2_Italy_50k_250_II.tif
84887.tiff,UofA_WW2_Italy_50k_250_III.tif
84888.tiff,UofA_WW2_Italy_50k_251_II.tif
84889.tiff,UofA_WW2_Italy_50k_164_III.tif
84890.tiff,UofA_WW2_Italy_50k_164_IV.tif
84891.tiff,UofA_WW2_Italy_50k_166_II.tif
84892.tiff,UofA_WW2_Italy_50k_167_II.tif
84893.tiff,UofA_WW2_Italy_50k_253_II.tif
84894.tiff,UofA_WW2_Italy_50k_253_III.tif
84895.tiff,UofA_WW2_Italy_50k_254_II.tif
84896.tiff,UofA_WW2_Italy_50k_254_III.tif
84897.tiff,UofA_WW2_Italy_50k_169_III.tif
84898.tiff,UofA_WW2_Italy_50k_169_IV.tif
84899.tiff,UofA_WW2_Italy_50k_170_I.tif
84900.tiff,UofA_WW2_Italy_50k_171_IV.tif
84901.tiff,UofA_WW2_Italy_50k_256_I.tif
84902.tiff,UofA_WW2_Italy_50k_256_II.tif
84903.tiff,UofA_WW2_Italy_50k_256_IV.tif
84904.tiff,UofA_WW2_Italy_50k_257_I.tif
84905.tiff,UofA_WW2_Italy_50k_173_I.tif
84906.tiff,UofA_WW2_Italy_50k_173_II.tif
84907.tiff,UofA_WW2_Italy_50k_173_III.tif
84908.tiff,UofA_WW2_Italy_50k_174_IV.tif
84909.tiff,UofA_WW2_Italy_50k_175_I.tif
84910.tiff,UofA_WW2_Italy_50k_175_II.tif
84911.tiff,UofA_WW2_Italy_50k_175_IV.tif
84912.tiff,UofA_WW2_Italy_50k_257_II.tif
84913.tiff,UofA_WW2_Italy_50k_257_III.tif
84914.tiff,UofA_WW2_Italy_50k_257_IV.tif
84915.tiff,UofA_WW2_Italy_50k_258_I.tif
84916.tiff,UofA_WW2_Italy_50k_258_II.tif
84917.tiff,UofA_WW2_Italy_50k_258_III.tif
84918.tiff,UofA_WW2_Italy_50k_258_IV.tif
84919.tiff,UofA_WW2_Italy_50k_259_I.tif
84920.tiff,UofA_WW2_Italy_50k_259_II.tif
84921.tiff,UofA_WW2_Italy_50k_259_III.tif
84922.tiff,UofA_WW2_Italy_50k_259_IV.tif
84923.tiff,UofA_WW2_Italy_50k_260_I.tif
84924.tiff,UofA_WW2_Italy_50k_260_II.tif
84925.tiff,UofA_WW2_Italy_50k_260_III.tif
84926.tiff,UofA_WW2_Italy_50k_260_IV.tif
84927.tiff,UofA_WW2_Italy_50k_261_I.tif
84928.tiff,UofA_WW2_Italy_50k_261_II.tif
84929.tiff,UofA_WW2_Italy_50k_261_III.tif
84930.tiff,UofA_WW2_Italy_50k_261_IV.tif
84931.tiff,UofA_WW2_Italy_50k_262_I.tif
84932.tiff,UofA_WW2_Italy_50k_268_IV.tif
84933.tiff,UofA_WW2_Italy_50k_269_I.tif
84934.tiff,UofA_WW2_Italy_50k_269_II.tif
84935.tiff,UofA_WW2_Italy_50k_269_III.tif
84936.tiff,UofA_WW2_Italy_50k_269_IV.tif
84937.tiff,UofA_WW2_Italy_50k_270_III.tif
84938.tiff,UofA_WW2_Italy_50k_270_IV.tif
84939.tiff,UofA_WW2_Italy_50k_271_I.tif
84940.tiff,UofA_WW2_Italy_50k_271_II.tif
84941.tiff,UofA_WW2_Italy_50k_271_IV.tif
84942.tiff,UofA_WW2_Italy_50k_272_I.tif
84943.tiff,UofA_WW2_Italy_50k_272_II.tif
84944.tiff,UofA_WW2_Italy_50k_272_III.tif
84945.tiff,UofA_WW2_Italy_50k_272_IV.tif
84946.tiff,UofA_WW2_Italy_50k_273_I.tif
84947.tiff,UofA_WW2_Italy_50k_273_II.tif
84948.tiff,UofA_WW2_Italy_50k_273_III.tif
84949.tiff,UofA_WW2_Italy_50k_273_IV.tif
84950.tiff,UofA_WW2_Italy_50k_274_I.tif
84951.tiff,UofA_WW2_Italy_50k_274_II.tif
84952.tiff,UofA_WW2_Italy_50k_274_III.tif
84953.tiff,UofA_WW2_Italy_50k_274_IV.tif
84954.tiff,UofA_WW2_Italy_50k_275_I.tif
84955.tiff,UofA_WW2_Italy_50k_276_I.tif
84956.tiff,UofA_WW2_Italy_50k_276_II.tif
84957.tiff,UofA_WW2_Italy_50k_276_III.tif
84958.tiff,UofA_WW2_Italy_50k_276_IV.tif
84959.tiff,UofA_WW2_Italy_50k_277_I.tif
84960.tiff,UofA_WW2_Italy_50k_277_III.tif
84961.tiff,UofA_WW2_Italy_50k_277_IV.tif
84962.tiff,UofA_WW2_Italy_50k_177_II.tif
84963.tiff,UofA_WW2_Italy_50k_177_III.tif
84964.tiff,UofA_WW2_Italy_50k_177_IV.tif
84965.tiff,UofA_WW2_Italy_50k_178_III.tif
84966.tiff,UofA_WW2_Italy_50k_180_III.tif
84967.tiff,UofA_WW2_Italy_50k_180_IV.tif
84968.tiff,UofA_WW2_Italy_50k_181_I.tif
84969.tiff,UofA_WW2_Italy_50k_181_II.tif
84970.tiff,UofA_WW2_Italy_50k_182_III.tif
84971.tiff,UofA_WW2_Italy_50k_182_IV.tif
84972.tiff,UofA_WW2_Italy_50k_183_II.tif
84973.tiff,UofA_WW2_Italy_50k_184_I.tif
84974.tiff,UofA_WW2_Italy_50k_185_II.tif
84975.tiff,UofA_WW2_Italy_50k_185_III.tif
84976.tiff,UofA_WW2_Italy_50k_186_I.tif
84977.tiff,UofA_WW2_Italy_50k_186_II.tif
84978.tiff,UofA_WW2_Italy_50k_187_III.tif
84979.tiff,UofA_WW2_Italy_50k_187_IV.tif
84980.tiff,UofA_WW2_Italy_50k_188_I.tif
84981.tiff,UofA_WW2_Italy_50k_188_II.tif
84982.tiff,UofA_WW2_Italy_50k_189_III.tif
84983.tiff,UofA_WW2_Italy_50k_190_I.tif
84984.tiff,UofA_WW2_Italy_50k_190_II.tif
84985.tiff,UofA_WW2_Italy_50k_190_IV.tif
84986.tiff,UofA_WW2_Italy_50k_193_I.tif
84987.tiff,UofA_WW2_Italy_50k_193_II.tif
84988.tiff,UofA_WW2_Italy_50k_193_III.tif
84989.tiff,UofA_WW2_Italy_50k_193_IV.tif
84990.tiff,UofA_WW2_Italy_50k_195_I.tif
84991.tiff,UofA_WW2_Italy_50k_195_II.tif
84992.tiff,UofA_WW2_Italy_50k_195_III.tif
84993.tiff,UofA_WW2_Italy_50k_195_IV.tif
84994.tiff,UofA_WW2_Italy_50k_198_III.tif
84995.tiff,UofA_WW2_Italy_50k_198_IV.tif
84996.tiff,UofA_WW2_Italy_50k_199_II.tif
84997.tiff,UofA_WW2_Italy_50k_199_III.tif
84998.tiff,UofA_WW2_Italy_50k_200_IV.tif
84999.tiff,UofA_WW2_Italy_50k_201_I.tif
85000.tiff,UofA_WW2_Italy_50k_201_II.tif
85001.tiff,UofA_WW2_Italy_50k_201_III.tif
85002.tiff,UofA_WW2_Italy_50k_202_IV.tif
85003.tiff,UofA_WW2_Italy_50k_203_III.tif
85004.tiff,UofA_WW2_Italy_50k_203_IV.tif
85006.tiff,UofA_WW2_Italy_50k_206_II.tif
85007.tiff,UofA_WW2_Italy_50k_206_III.tif
85008.tiff,UofA_WW2_Italy_50k_206_IV.tif
85009.tiff,UofA_WW2_Italy_50k_207_I.tif
85010.tiff,UofA_WW2_Italy_50k_208_III.tif
85011.tiff,UofA_WW2_Italy_50k_208_IV.tif
85012.tiff,UofA_WW2_Italy_50k_209_III.tif
85013.tiff,UofA_WW2_Italy_50k_209_IV.tif
85014.tiff,UofA_WW2_Italy_50k_211_III.tif
85015.tiff,UofA_WW2_Italy_50k_211_IV.tif
85016.tiff,UofA_WW2_Italy_50k_212_I.tif
85017.tiff,UofA_WW2_Italy_50k_212_III.tif
85018.tiff,UofA_WW2_Italy_50k_214_IV.tif
85019.tiff,UofA_WW2_Italy_50k_215_III.tif
85020.tiff,UofA_WW2_Italy_50k_216_I.tif
85021.tiff,UofA_WW2_Italy_50k_217_I.tif
85022.tiff,UofA_WW2_Italy_50k_218_II.tif
85023.tiff,UofA_WW2_Italy_50k_218_III.tif
85024.tiff,UofA_WW2_Italy_50k_218_IV.tif
85025.tiff,UofA_WW2_Italy_50k_219_III.tif
85026.tiff,UofA_WW2_Italy_50k_221_II.tif
85027.tiff,UofA_WW2_Italy_50k_221_III.tif
85028.tiff,UofA_WW2_Italy_50k_221_IV.tif
85029.tiff,UofA_WW2_Italy_50k_222_III.tif
85030.tiff,UofA_WW2_Italy_50k_226_III.tif
85031.tiff,UofA_WW2_Italy_50k_226_IV.tif
85032.tiff,UofA_WW2_Italy_50k_227_III.tif
85033.tiff,UofA_WW2_Italy_50k_227_IV.tif
85034.tiff,UofA_WW2_Italy_50k_230_IV.tif
85035.tiff,UofA_WW2_Italy_50k_231_III.tif
85036.tiff,UofA_WW2_Italy_50k_236_I.tif
85037.tiff,UofA_WW2_Italy_50k_236_II.tif
85038.tiff,UofA_WW2_Italy_50k_237_III.tif
85039.tiff,UofA_WW2_Italy_50k_237_IV.tif
85040.tiff,UofA_WW2_Italy_50k_238_III.tif
85041.tiff,UofA_WW2_Italy_50k_238_IV.tif
85042.tiff,UofA_WW2_Italy_50k_242_III.tif
85043.tiff,UofA_WW2_Italy_50k_242_IV.tif
85044.tiff,UofA_WW2_Italy_50k_243_IV.tif
85045.tiff,UofA_WW2_Italy_50k_244_I.tif
85046.tiff,UofA_WW2_Italy_50k_246_I.tif
85047.tiff,UofA_WW2_Italy_50k_246_II.tif
85048.tiff,UofA_WW2_Italy_50k_246_III.tif
85049.tiff,UofA_WW2_Italy_50k_246_IV.tif
85050.tiff,UofA_WW2_Italy_50k_248_III.tif
85051.tiff,UofA_WW2_Italy_50k_249_I.tif
85052.tiff,UofA_WW2_Italy_50k_249_II.tif
85053.tiff,UofA_WW2_Italy_50k_249_III.tif
85054.tiff,UofA_WW2_Italy_50k_251_III.tif
85055.tiff,UofA_WW2_Italy_50k_252_I.tif
85056.tiff,UofA_WW2_Italy_50k_252_II.tif
85057.tiff,UofA_WW2_Italy_50k_252_III.tif
85058.tiff,UofA_WW2_Italy_50k_254_IV.tif
85059.tiff,UofA_WW2_Italy_50k_255_I.tif
85060.tiff,UofA_WW2_Italy_50k_255_III.tif
85061.tiff,UofA_WW2_Italy_50k_255_IV.tif
85075.tiff,UofA_WW2_Italy_50k_045_I.tif
85077.tiff,UofA_WW2_Italy_50k_046_I.tif
85079.tiff,UofA_WW2_Italy_50k_256_III.tif
85084.tiff,UofA_WW2_Italy_50k_047_II.tif
85112.tiff,UofA_WW2_Italy_50k_047_I.tif
85113.tiff,UofA_WW2_Italy_50k_065B_I.tif
85114.tiff,UofA_WW2_Italy_50k_067_I.tif
85115.tiff,UofA_WW2_Italy_50k_067_II.tif
85116.tiff,UofA_WW2_Italy_50k_072_IV.tif
85117.tiff,UofA_WW2_Italy_50k_073_I.tif
85118.tiff,UofA_WW2_Italy_50k_073_II.tif
85119.tiff,UofA_WW2_Italy_50k_073_III.tif
85120.tiff,UofA_WW2_Italy_50k_073_IV.tif
85122.tiff,UofA_WW2_Italy_50k_074_II.tif
85125.tiff,UofA_WW2_Italy_50k_075_I.tif
85126.tiff,UofA_WW2_Italy_50k_075_II.tif
85127.tiff,UofA_WW2_Italy_50k_075_IV.tif
85128.tiff,UofA_WW2_Italy_50k_076_IV.tif
85129.tiff,UofA_WW2_Italy_50k_077A_II.tif
85130.tiff,UofA_WW2_Italy_50k_077B_III.tif
85131.tiff,UofA_WW2_Italy_50k_077_I.tif
85132.tiff,UofA_WW2_Italy_50k_077_IA.tif
85133.tiff,UofA_WW2_Italy_50k_077_II.tif
85134.tiff,UofA_WW2_Italy_50k_077_IV.tif
85135.tiff,UofA_WW2_Italy_50k_079_I.tif
85136.tiff,UofA_WW2_Italy_50k_079_II.tif
85137.tiff,UofA_WW2_Italy_50k_080_II.tif
85138.tiff,UofA_WW2_Italy_50k_080_III.tif
85139.tiff,UofA_WW2_Italy_50k_080_IV.tif
85140.tiff,UofA_WW2_Italy_50k_081_II.tif
85141.tiff,UofA_WW2_Italy_50k_081_III.tif
85142.tiff,UofA_WW2_Italy_50k_081_IV.tif
85143.tiff,UofA_WW2_Italy_50k_082_I.tif
85144.tiff,UofA_WW2_Italy_50k_082_III.tif
85145.tiff,UofA_WW2_Italy_50k_082_IV.tif
85146.tiff,UofA_WW2_Italy_50k_083_II.tif
85147.tiff,UofA_WW2_Italy_50k_083_III.tif
85148.tiff,UofA_WW2_Italy_50k_083_IV.tif
85149.tiff,UofA_WW2_Italy_50k_084_I.tif
85150.tiff,UofA_WW2_Italy_50k_084_II.tif
85151.tiff,UofA_WW2_Italy_50k_084_IV.tif
85152.tiff,UofA_WW2_Italy_50k_085_I.tif
85153.tiff,UofA_WW2_Italy_50k_085_II.tif
85154.tiff,UofA_WW2_Italy_50k_085_III.tif
85155.tiff,UofA_WW2_Italy_50k_085_IV.tif
85156.tiff,UofA_WW2_Italy_50k_086_I.tif
85157.tiff,UofA_WW2_Italy_50k_086_II.tif
85158.tiff,UofA_WW2_Italy_50k_086_III.tif
85159.tiff,UofA_WW2_Italy_50k_086_IV.tif
85160.tiff,UofA_WW2_Italy_50k_087_I.tif
85161.tiff,UofA_WW2_Italy_50k_087_II.tif
85162.tiff,UofA_WW2_Italy_50k_087_III.tif
85163.tiff,UofA_WW2_Italy_50k_087_IV.tif
85164.tiff,UofA_WW2_Italy_50k_088_I.tif
85165.tiff,UofA_WW2_Italy_50k_088_II.tif
85166.tiff,UofA_WW2_Italy_50k_088_IV.tif
85167.tiff,UofA_WW2_Italy_50k_089_I.tif
85168.tiff,UofA_WW2_Italy_50k_089_II.tif
85169.tiff,UofA_WW2_Italy_50k_090_I.tif
85170.tiff,UofA_WW2_Italy_50k_092_IV.tif
85171.tiff,UofA_WW2_Italy_50k_093_IV.tif
85172.tiff,UofA_WW2_Italy_50k_094_I.tif
85173.tiff,UofA_WW2_Italy_50k_094_IV.tif
85174.tiff,UofA_WW2_Italy_50k_095_I.tif
85175.tiff,UofA_WW2_Italy_50k_095_II.tif
85176.tiff,UofA_WW2_Italy_50k_096_I.tif
85177.tiff,UofA_WW2_Italy_50k_096_II.tif
85178.tiff,UofA_WW2_Italy_50k_096_III.tif
85179.tiff,UofA_WW2_Italy_50k_096_IV.tif
85180.tiff,UofA_WW2_Italy_50k_097_I.tif
85181.tiff,UofA_WW2_Italy_50k_097_II.tif
85182.tiff,UofA_WW2_Italy_50k_097_III.tif
85183.tiff,UofA_WW2_Italy_50k_097_IV.tif
85184.tiff,UofA_WW2_Italy_50k_098_I.tif
85185.tiff,UofA_WW2_Italy_50k_098_II.tif
85186.tiff,UofA_WW2_Italy_50k_098_III.tif
85187.tiff,UofA_WW2_Italy_50k_099_I.tif
85188.tiff,UofA_WW2_Italy_50k_099_II.tif
85189.tiff,UofA_WW2_Italy_50k_099_III.tif
85190.tiff,UofA_WW2_Italy_50k_099_IV.tif
85191.tiff,UofA_WW2_Italy_50k_100_I.tif
85192.tiff,UofA_WW2_Italy_50k_100_II.tif
85193.tiff,UofA_WW2_Italy_50k_100_III.tif
85194.tiff,UofA_WW2_Italy_50k_100_IV.tif
85195.tiff,UofA_WW2_Italy_50k_101_III.tif
85196.tiff,UofA_WW2_Italy_50k_102A_II.tif
85197.tiff,UofA_WW2_Italy_50k_102_III.tif
85198.tiff,UofA_WW2_Italy_50k_102_IV.tif
85199.tiff,UofA_WW2_Italy_50k_103_IV.tif
85200.tiff,UofA_WW2_Italy_50k_104_II.tif
85201.tiff,UofA_WW2_Italy_50k_104_IV.tif
85202.tiff,UofA_WW2_Italy_50k_105_II.tif
85203.tiff,UofA_WW2_Italy_50k_105_III.tif
85204.tiff,UofA_WW2_Italy_50k_105_IV.tif
85205.tiff,UofA_WW2_Italy_50k_106_II.tif
85206.tiff,UofA_WW2_Italy_50k_106_IV.tif
85207.tiff,UofA_WW2_Italy_50k_107_III.tif
85208.tiff,UofA_WW2_Italy_50k_107_IV.tif
85209.tiff,UofA_WW2_Italy_50k_108_I.tif
85210.tiff,UofA_WW2_Italy_50k_109_II.tif
85211.tiff,UofA_WW2_Italy_50k_109_IV.tif
85212.tiff,UofA_WW2_Italy_50k_110_III.tif
85213.tiff,UofA_WW2_Italy_50k_110_IV.tif
85214.tiff,UofA_WW2_Italy_50k_111_I.tif
85215.tiff,UofA_WW2_Italy_50k_111_II.tif
85216.tiff,UofA_WW2_Italy_50k_112_II.tif
85217.tiff,UofA_WW2_Italy_50k_113_I.tif
85218.tiff,UofA_WW2_Italy_50k_113_IV.tif
85219.tiff,UofA_WW2_Italy_50k_114_II.tif
85220.tiff,UofA_WW2_Italy_50k_114_III.tif
85221.tiff,UofA_WW2_Italy_50k_117_I.tif
85222.tiff,UofA_WW2_Italy_50k_117_II.tif
85223.tiff,UofA_WW2_Italy_50k_118_III.tif
85224.tiff,UofA_WW2_Italy_50k_118_IV.tif
85225.tiff,UofA_WW2_Italy_50k_119_I.tif
85226.tiff,UofA_WW2_Italy_50k_119_IV.tif
85227.tiff,UofA_WW2_Italy_50k_120_III.tif
85228.tiff,UofA_WW2_Italy_50k_120_IV.tif
85229.tiff,UofA_WW2_Italy_50k_121_IV.tif
85230.tiff,UofA_WW2_Italy_50k_123_III.tif
85231.tiff,UofA_WW2_Italy_50k_124_III.tif
85232.tiff,UofA_WW2_Italy_50k_126_I.tif
85233.tiff,UofA_WW2_Italy_50k_127_II.tif
85234.tiff,UofA_WW2_Italy_50k_128_IV.tif
85235.tiff,UofA_WW2_Italy_50k_135_II.tif
85236.tiff,UofA_WW2_Italy_50k_135_III.tif
85237.tiff,UofA_WW2_Italy_50k_136_IV.tif
85238.tiff,UofA_WW2_Italy_50k_150_IV_Ed1.tif
85239.tiff,UofA_WW2_Italy_50k_150_IV_Ed2.tif
85240.tiff,UofA_WW2_Italy_50k_179_I_and_IV.tif
85241.tiff,UofA_WW2_Italy_50k_204_II.tif
85242.tiff,UofA_WW2_Italy_50k_204_III.tif
85243.tiff,UofA_WW2_Italy_50k_074_I.tif
85249.tiff,UofA_WW2_Italy_50k_074_III.tif
85253.tiff,UofA_WW2_Italy_50k_074_IV.tif
85254.tiff,UofA_WW2_Italy_50k_012_III.tif
85255.tiff,UofA_WW2_Italy_50k_032_I.tif
85256.tiff,UofA_WW2_Italy_50k_241_IV.tif
85257.tiff,UofA_WW2_Italy_50k_253_I_and_IV.tif